Year,Neighborhood Tabulation Area NTA),Neighborhood Tabulation Area (NTA) Name,Supply Gap (lbs.),Food Insecure Percentage,Unemployment Rate,Vulnerable Population Score,Weighted Score,Rank
2025,BX0401,Concourse-Concourse Village,-102142.62426294,0.26,0.11,0.57,5.13309591627623,161
2025,BX0303,Crotona Park East,-333492.64867191,0.27,0.13,0.55,5.6287942357816,141
2025,MN1102,East Harlem (North),527499.52610583,0.27,0.11,0.47,5.90883983576242,121
2025,BX0602,Tremont,-113652.81465869,0.29,0.12,0.53,5.71196328534263,134
2025,BK1204,Mapleton-Midwood (West),451455.520860002,0.17,0.06,0.61,5.73160812270385,132
2025,BK0503,East New York-New Lots,-506273.12917545,0.20,0.12,0.51,5.11041174893704,162
2025,BX0101,Mott Haven-Port Morris,611663.47133657,0.33,0.14,0.53,6.32951890258863,74
2025,BX1202,Eastchester-Edenwald-Baychester,-113911.46111921,0.17,0.10,0.55,5.54066298082916,146
2025,SI0302,Great Kills-Eltingville,1091230.79111141,0.10,0.05,0.45,6.51795102190116,62
2025,MN0801,Upper East Side-Lenox Hill-Roosevelt Island,1488620.7768,0.13,0.04,0.53,6.73965047747035,49
2025,BX1201,Williamsbridge-Olinville,401560.88541765,0.20,0.10,0.56,6.02041669769004,106
2025,MN0604,East Midtown-Turtle Bay,1000801.33361314,0.13,0.06,0.51,6.52060697161948,61
2025,BK1602,Brownsville,478463.71579005,0.28,0.14,0.52,6.25906008173344,81
2025,MN0502,Midtown-Times Square,144714.999478159,0.16,0.05,0.48,5.46252733013762,149
2025,BK0703,Sunset Park (Central),1305476.96006984,0.22,0.08,0.76,7.18786325265179,27
2025,BX0603,Belmont,369930.98008093,0.31,0.14,0.57,6.40388300840688,68
2025,BX0802,Kingsbridge-Marble Hill,1149186.17394613,0.25,0.08,0.55,7.10316863076793,33
2025,BX1003,Pelham Bay-Country Club-City Island,1022815.339499,0.18,0.08,0.54,6.8081756538971,45
2025,MN0901,Morningside Heights,183281.64306546,0.21,0.09,0.47,5.93042531060169,116
2025,BK0802,Crown Heights (North),-23547.3246267601,0.19,0.09,0.42,5.07894805152408,163
2025,BX0302,Claremont Village-Claremont (East),32152.70121665,0.33,0.14,0.50,6.22782931459377,84
2025,SI0303,Arden Heights-Rossville,600174.677844235,0.09,0.05,0.46,6.04297510641435,100
2025,BK0601,Carroll Gardens-Cobble Hill-Gowanus-Red Hook,488191.29092672,0.15,0.07,0.44,5.72970583449657,133
2025,BK1303,Brighton Beach,960517.03151223,0.22,0.05,0.72,6.56392284566587,58
2025,BX1004,Co-op City,779628.418676589,0.14,0.06,0.52,6.30376207899849,77
2025,QN0602,Forest Hills,1029708.81093998,0.13,0.04,0.55,6.08351365383986,96
2025,BK0702,Sunset Park (West),808625.08857096,0.18,0.05,0.57,6.28290676388013,80
2025,MN0802,Upper East Side-Carnegie Hill,-267239.2548257,0.10,0.05,0.57,4.77142011997786,173
2025,QN0703,Bay Terrace-Clearview,617762.51874879,0.12,0.05,0.57,6.11844453104596,92
2025,MN0303,East Village,1537743.68842889,0.21,0.06,0.36,6.85453352460258,41
2025,SI0203,Todt Hill-Emerson Hill-Lighthouse Hill-Manor Heights,451452.129284963,0.13,0.05,0.56,5.80431979608889,128
2025,BK1502,Madison,910007.411086672,0.16,0.05,0.59,6.29220932244255,79
2025,BX0102,Melrose,-1183933.94646053,0.31,0.15,0.51,4.47628077366744,178
2025,BK0204,Clinton Hill,35166.374775185,0.14,0.07,0.38,5.77126226663878,129
2025,BK1102,Bath Beach,942381.436912158,0.16,0.05,0.61,6.33998068255111,72
2025,BK0301,Bedford-Stuyvesant (West),871913.37333999,0.21,0.08,0.43,5.97941221553853,111
2025,BX0801,Kingsbridge Heights-Van Cortlandt Village,1444845.00693503,0.23,0.10,0.59,7.63937179217273,14
2025,MN0602,Gramercy,507842.027125365,0.12,0.03,0.35,5.95683139920434,112
2025,BK0102,Williamsburg,1011421.07761282,0.16,0.07,0.38,6.32693035938762,75
2025,BK0402,Bushwick (East),-40369.7071064101,0.20,0.08,0.43,5.23432371661445,157
2025,BX0702,Bedford Park,685490.71897698,0.26,0.14,0.61,6.72406102426013,50
2025,QN1104,Oakland Gardens-Hollis Hills,573885.310129969,0.11,0.05,0.56,5.99553465325631,109
2025,QN1401,Far Rockaway-Bayswater,486153.45877199,0.20,0.10,0.58,6.11615671692814,93
2025,QN1403,Breezy Point-Belle Harbor-Rockaway Park-Broad Channel,728457.249977604,0.14,0.07,0.51,6.61739123023816,55
2025,BK0101,Greenpoint,1153881.91747087,0.16,0.07,0.36,6.81171414262765,44
2025,QN1101,Auburndale,896800.029996218,0.12,0.06,0.60,6.45403505635939,64
2025,QN0601,Rego Park,787641.811453798,0.16,0.06,0.60,6.29571882879845,78
2025,QN1003,Howard Beach-Lindenwood,778373.528126481,0.13,0.08,0.54,6.56652083606323,57
2025,BX0903,Castle Hill-Unionport,347937.7932147,0.22,0.09,0.55,6.05232799732705,99
2025,QN0202,Sunnyside,-105498.50887842,0.16,0.06,0.58,5.34386152299883,154
2025,QN0702,Whitestone-Beechhurst,808755.543930184,0.13,0.09,0.55,6.66190737136034,54
2025,MN0803,Upper East Side-Yorkville,1066124.73854754,0.13,0.05,0.46,6.20816130945579,88
2025,QN1103,Douglaston-Little Neck,493759.051208256,0.11,0.05,0.54,5.93571103192006,115
2025,QN1301,Glen Oaks-Floral Park-New Hyde Park,552168.537574376,0.12,0.04,0.62,5.89707362935773,122
2025,BK0104,East Williamsburg,1224484.03196005,0.21,0.07,0.42,6.8329836262222,43
2025,BK1704,East Flatbush-Remsen Village,-979114.69227613,0.19,0.12,0.54,4.73390906028034,174
2025,MN0203,West Village,605981.189659805,0.14,0.07,0.37,6.22559569874833,85
2025,MN0601,Stuyvesant Town-Peter Cooper Village,490267.23296912,0.15,0.04,0.47,6.04240323303751,101
2025,QN0302,East Elmhurst,-23285.418190612,0.15,0.06,0.61,5.55546272086824,143
2025,QN0901,Kew Gardens,346123.541401487,0.14,0.06,0.50,5.83075857264001,126
2025,MN0202,Greenwich Village,519331.168772581,0.12,0.06,0.38,6.21272153494913,87
2025,SI0107,Mariner's Harbor-Arlington-Graniteville,785018.737638609,0.15,0.08,0.48,6.74812670226831,48
2025,BK1201,Sunset Park (East)-Borough Park (West),1197562.98786803,0.22,0.09,0.73,7.32859709815417,23
2025,SI0101,St. George-New Brighton,146216.825929215,0.20,0.08,0.49,5.99819322538523,108
2025,MN0101,Financial District-Battery Park City,497711.076648413,0.11,0.04,0.34,5.62931347774941,140
2025,QN1001,South Ozone Park,551136.10054515,0.14,0.10,0.55,6.33243241886826,73
2025,BX0402,Highbridge,839986.799227597,0.26,0.08,0.52,6.60961794331726,56
2025,MN0402,Hell's Kitchen,1230494.1809353,0.17,0.05,0.41,6.53051108458052,60
2025,BK0505,East New York-City Line,-2231394.17576234,0.18,0.06,0.52,2.45259679454699,191
2025,QN0103,Astoria (Central),1399350.54925385,0.16,0.06,0.40,6.96580579426652,38
2025,BK0201,Brooklyn Heights,322651.410235809,0.10,0.04,0.44,5.63712513480505,139
2025,BX0703,Norwood,330347.81439255,0.25,0.09,0.59,6.00279582662779,107
2025,MN0302,Lower East Side,740167.495815,0.21,0.06,0.47,6.1949715758589,90
2025,MN0702,Upper West Side (Central),1012558.71411999,0.13,0.04,0.51,5.95647683778292,113
2025,QN0104,Astoria (East)-Woodside (North),1005084.90302748,0.17,0.08,0.50,6.70947426815157,52
2025,BX1002,Throgs Neck-Schuylerville,1379134.20466646,0.17,0.07,0.47,6.98213524405173,37
2025,QN0102,Old Astoria-Hallets Point,285730.857931088,0.20,0.08,0.49,5.94774867203353,114
2025,QN0704,Murray Hill-Broadway Flushing,1582986.12822155,0.16,0.05,0.67,7.11643627565495,31
2025,SI0202,New Dorp-Midland Beach,739392.566019714,0.12,0.06,0.54,6.32479629932073,76
2025,BK0902,Prospect Lefferts Gardens-Wingate,-238489.9939784,0.16,0.07,0.47,5.14947423963706,160
2025,BK1002,Dyker Heights,1173132.89759046,0.18,0.07,0.61,6.79900641012328,46
2025,BK1501,Gravesend (East)-Homecrest,1577147.81567521,0.18,0.08,0.59,7.27397856049487,24
2025,BX0701,University Heights (North)-Fordham,538924.72967146,0.28,0.16,0.62,6.84912790059717,42
2025,BX0904,Parkchester,1083638.59857437,0.21,0.11,0.55,7.07131622230031,34
2025,QN0804,Jamaica Estates-Holliswood,481473.217384359,0.14,0.08,0.58,6.4040476104529,67
2025,BK1103,Gravesend (West),1604463.67110222,0.19,0.09,0.63,7.36904835746838,20
2025,QN0803,Fresh Meadows-Utopia,515718.061356106,0.12,0.04,0.57,5.90963328493894,120
2025,QN1306,Springfield Gardens (South)-Brookville,-151097.67421373,0.10,0.07,0.46,5.58444543980992,142
2025,QN0805,Jamaica Hills-Briarwood,294414.83129535,0.17,0.10,0.57,6.2172944957284,86
2025,QN0903,South Richmond Hill,-107421.202173893,0.14,0.07,0.60,5.54014285560763,147
2025,SI0304,Annadale-Huguenot-Prince's Bay-Woodrow,620825.608054139,0.09,0.04,0.47,5.876969087789,123
2025,BK0103,South Williamsburg,2090950.72621075,0.28,0.10,0.60,8.03364938222963,5
2025,BX1001,Westchester Square,-89959.744097822,0.21,0.07,0.57,5.3388418357412,155
2025,BX1103,Pelham Gardens,349977.074157966,0.14,0.07,0.53,6.1215152914886,91
2025,MN0903,Hamilton Heights-Sugar Hill,1282814.27284754,0.22,0.10,0.49,7.1843825125287,28
2025,QN1307,Rosedale,78887.370869814,0.09,0.07,0.48,5.65402150704607,137
2025,SI0305,Tottenville-Charleston,259814.070271157,0.08,0.02,0.45,5.54171155493432,145
2025,BK0801,Prospect Heights,159697.329253079,0.12,0.05,0.41,5.69270335400672,135
2025,BK0203,Fort Greene,321893.943856061,0.18,0.08,0.40,6.03664581723913,102
2025,BK0401,Bushwick (West),790970.28988936,0.20,0.08,0.39,6.40930615960276,66
2025,BK1402,Flatbush (West)-Ditmas Park-Parkville,-704873.87763811,0.17,0.06,0.57,4.31923483450001,181
2025,BX0502,Mount Hope,922439.79933915,0.28,0.14,0.62,7.12218616837981,30
2025,QN0707,Flushing-Willets Point,1500292.96137764,0.21,0.08,0.77,7.13226432034198,29
2025,QN0802,Pomonok-Electchester-Hillcrest,414221.843428991,0.16,0.08,0.52,5.92015362319955,119
2025,BK1401,Flatbush,597003.07697042,0.15,0.05,0.49,5.92647907238339,117
2025,QN0501,Maspeth,1065960.91762597,0.15,0.07,0.56,6.66557289568221,53
2025,QN1206,Hollis,-701490.969869714,0.14,0.09,0.53,5.05510675210401,165
2025,MN0603,Murray Hill-Kips Bay,1043268.45251766,0.12,0.03,0.40,6.23798572292826,83
2025,BK0504,Spring Creek-Starrett City,170505.968828928,0.24,0.09,0.55,6.07700627908803,97
2025,BK1101,Bensonhurst,2856339.12280089,0.19,0.07,0.66,8.48450301029407,3
2025,BK1701,East Flatbush-Erasmus,-258687.52758611,0.16,0.08,0.48,5.29301003879074,156
2025,MN0501,Midtown South-Flatiron-Union Square,354582.409155647,0.15,0.06,0.35,5.75952211194016,130
2025,QN0101,Astoria (North)-Ditmars-Steinway,1638480.01862568,0.16,0.07,0.42,7.34549746839592,22
2025,QN0201,Long Island City-Hunters Point,-16549.040149168,0.13,0.05,0.47,5.4444703215835,151
2025,QN0801,Kew Gardens Hills,-175960.45099861,0.14,0.06,0.53,5.06749655272767,164
2025,BX1104,Allerton,1583720.86586766,0.24,0.11,0.58,7.83632189283257,12
2025,QN0402,Corona,2024764.96870776,0.20,0.07,0.75,7.90299060397471,11
2025,QN0504,Middle Village,-261754.513595689,0.12,0.04,0.55,4.80325939681562,171
2025,QN1203,Baisley Park,-495528.11682838,0.12,0.09,0.51,5.19353472916832,159
2025,BX0201,Hunts Point,-405519.218561253,0.27,0.12,0.56,5.66840365896102,136
2025,MN1202,Washington Heights (North),1478920.68303928,0.20,0.12,0.51,7.47395389484226,18
2025,QN0705,East Flushing,442076.275743512,0.17,0.07,0.71,5.98743248766895,110
2025,SI0301,Oakwood-Richmondtown,529757.683825265,0.13,0.07,0.51,6.20365428505666,89
2025,QN0905,Woodhaven,-2162.59609306999,0.14,0.07,0.56,5.64258011658385,138
2025,SI0201,Grasmere-Arrochar-South Beach-Dongan Hills,782796.386832488,0.13,0.06,0.48,6.23862767965461,82
2025,BK1802,Marine Park-Mill Basin-Bergen Beach,-200353.596394514,0.10,0.04,0.54,4.83132369099854,170
2025,BX1102,Morris Park,483336.881360278,0.17,0.07,0.52,6.09602750365204,95
2025,MN0102,Tribeca-Civic Center,341239.983171704,0.10,0.03,0.40,5.81368748783857,127
2025,QN1201,Jamaica,-2931908.86381,0.20,0.10,0.63,2.10934996483048,194
2025,MN0902,Manhattanville-West Harlem,829256.969797046,0.26,0.13,0.46,7.23102977904507,25
2025,QN0503,Glendale,433586.15995669,0.13,0.05,0.52,5.75529526452488,131
2025,SI0204,New Springville-Willowbrook-Bulls Head-Travis,1022020.12315557,0.12,0.05,0.48,6.41326306291598,65
2025,BK1202,Borough Park,2177846.46289592,0.23,0.08,0.64,7.35034192500212,21
2025,BX0803,Riverdale-Spuyten Duyvil,1208992.72111143,0.12,0.06,0.58,6.71819300239696,51
2025,QN0203,Woodside,-363136.00671281,0.14,0.05,0.71,4.72618059199914,175
2025,QN0401,Elmhurst,2027995.53292438,0.16,0.05,0.71,7.51178195590408,16
2025,QN1002,Ozone Park,-6307.32930436102,0.13,0.06,0.52,5.37700970924877,152
2025,QN1102,Bayside,920642.058503727,0.12,0.05,0.54,6.39872885380644,69
2025,SI0103,Rosebank-Shore Acres-Park Hill,183229.031435855,0.14,0.05,0.50,5.55022041654232,144
2025,BK0501,Cypress Hills,-1502252.40556435,0.17,0.07,0.55,3.57070339260562,184
2025,BK0502,East New York (North),-2063224.47525637,0.21,0.09,0.53,2.90555823371952,188
2025,BK0901,Crown Heights (South),420912.89050075,0.19,0.09,0.50,5.85873577913422,125
2025,BK1403,Midwood,1141027.8973394,0.18,0.06,0.60,6.45979463106286,63
2025,MN0301,Chinatown-Two Bridges,1799039.12939831,0.26,0.11,0.60,7.99623865619851,8
2025,BK1203,Kensington,179414.48612416,0.15,0.05,0.51,5.35263331256971,153
2025,BK1503,Sheepshead Bay-Manhattan Beach-Gerritsen Beach,1804791.86975866,0.16,0.05,0.58,7.47224281977017,19
2025,MN1203,Inwood,-272014.49954441,0.20,0.08,0.52,5.23350410540516,158
2025,QN0301,Jackson Heights,2551351.0225222,0.18,0.09,0.65,8.3708963486111,4
2025,QN1304,Cambria Heights,-795601.595177419,0.07,0.05,0.54,4.43646550439964,179
2025,BX0503,Fordham Heights,623158.3915258,0.29,0.14,0.66,6.88989591775223,39
2022,BK43,Midwood,-727741.280123081,,0.00,,6.0565,151
2025,MN0201,SoHo-Little Italy-Hudson Square,436692.290999102,0.14,0.04,0.40,5.9260583995269,118
2025,MN0701,Upper West Side-Lincoln Square,1606997.59775469,0.14,0.06,0.50,7.11106616982642,32
2025,QN1302,Bellerose,680690.180248387,0.13,0.07,0.57,6.34967568957438,70
2025,SI0104,West New Brighton-Silver Lake-Grymes Hill,16143.362143039,0.13,0.05,0.48,5.44630899645964,150
2025,SI0106,Port Richmond,-720808.945556749,0.18,0.09,0.52,4.94579796203743,168
2025,BK0302,Bedford-Stuyvesant (East),-2502670.87833059,0.19,0.09,0.42,1.88056164940185,195
2025,BK0602,Park Slope,738769.373497199,0.10,0.05,0.42,6.0284673128878,104
2025,MN1001,Harlem (South),-605451.42757938,0.18,0.08,0.41,4.70584743651787,176
2025,MN1101,East Harlem (South),1724240.69463585,0.25,0.10,0.48,7.48968101926535,17
2025,QN0701,College Point,919370.186085302,0.15,0.09,0.66,6.86671945512864,40
2025,QN0706,Queensboro Hill,517136.566352814,0.15,0.05,0.75,6.02044782221288,105
2025,QN1305,Laurelton,-1208880.82001737,0.06,0.05,0.48,3.81922687671002,183
2025,BK0202,Downtown Brooklyn-DUMBO-Boerum Hill,-105866.86783078,0.16,0.06,0.41,5.02644977771262,166
2025,MN0703,Upper West Side-Manhattan Valley,1413774.98920573,0.18,0.07,0.50,7.20725444368196,26
2025,QN1205,St. Albans,-2169555.78538276,0.08,0.04,0.50,2.64210409404077,190
2025,SI0102,Tompkinsville-Stapleton-Clifton-Fox Hills,-1823011.16477151,0.19,0.05,0.51,3.17661075829082,186
2025,BK1001,Bay Ridge,2207304.26225789,0.16,0.07,0.52,7.69829540104679,13
2025,BX0301,Morrisania,-2098856.93601668,0.30,0.15,0.51,3.43217077435961,185
2025,BX0601,West Farms,954192.677655184,0.35,0.18,0.55,7.90384229504768,10
2025,BX1203,Wakefield-Woodlawn,707055.00738691,0.17,0.09,0.54,6.55528445853984,59
2025,MN1201,Washington Heights (South),2673103.36007119,0.27,0.14,0.52,8.91946054012885,1
2025,QN0902,Richmond Hill,-2328995.19901469,0.14,0.06,0.57,2.33964411501979,193
2025,QN0904,Ozone Park (North),-500408.053228031,0.16,0.07,0.55,4.78721217489512,172
2025,BK1301,Gravesend (South),-852284.5597621,0.19,0.08,0.61,4.34171541473738,180
2025,BK1703,East Flatbush-Rugby,-985286.68582102,0.14,0.09,0.54,4.51252755833206,177
2025,BX0501,University Heights (South)-Morris Heights,1967725.99158661,0.28,0.12,0.58,8.02483698089999,6
2025,BX0902,Soundview-Clason Point,600555.36026617,0.24,0.13,0.52,6.74912936841233,47
2025,QN0502,Ridgewood,1531860.2259482,0.17,0.07,0.51,7.05062426682477,35
2025,QN1303,Queens Village,-1364241.41008293,0.12,0.09,0.54,4.06198747578293,182
2025,SI0105,Westerleigh-Castleton Corners,637569.289046739,0.10,0.05,0.47,6.06970911336356,98
2025,BK1302,Coney Island-Sea Gate,1846332.33955989,0.26,0.13,0.62,8.01668725374041,7
2025,QN0105,Queensbridge-Ravenswood-Dutch Kills,-3272725.07376078,0.21,0.08,0.51,1.78837351737897,197
2025,QN1202,South Jamaica,-2561516.49399059,0.16,0.13,0.55,2.93347275092191,187
2025,BX1101,Pelham Parkway-Van Nest,1090394.88704868,0.21,0.10,0.52,7.04081411301066,36
2025,MN0401,Chelsea-Hudson Yards,723779.41204991,0.16,0.06,0.38,5.87294023284155,124
2025,MN1002,Harlem (North),1832379.14443154,0.24,0.12,0.47,7.57499910728364,15
2025,QN0303,North Corona,563174.7457449,0.17,0.04,0.81,6.10449943239686,94
2025,QN1204,Springfield Gardens (North)-Rochdale Village,-731641.08231932,0.13,0.08,0.49,4.84827144364228,169
2025,QN1402,Rockaway Beach-Arverne-Edgemere,349017.48683823,0.21,0.09,0.54,6.0303443871957,103
2025,BK0701,Windsor Terrace-South Slope,702411.363228388,0.14,0.07,0.45,6.34954317722381,71
2025,BK1601,Ocean Hill,-2283447.2240249,0.20,0.08,0.46,2.64299034109144,189
2025,BX0403,Mount Eden-Claremont (West),1696696.57636403,0.28,0.14,0.60,7.95131298309934,9
2025,BX0901,Soundview-Bruckner-Bronx River,2780543.96088838,0.25,0.09,0.62,8.78049126099647,2
2025,BK1702,East Flatbush-Farragut,-311007.767624975,0.13,0.10,0.56,5.52621102944299,148
2025,BK1801,Flatlands,-2330039.34529109,0.13,0.08,0.52,2.34484180104464,192
2025,BK1803,Canarsie,-3437224.58032827,0.12,0.08,0.52,1.78848947570703,196
2025,BX0202,Longwood,-797194.90866576,0.30,0.15,0.55,4.94789207871676,167
2024,BK0101,Greenpoint,897731.135091653,0.13,0.00,0.12,5.64915049192354,82
2024,BK0102,Williamsburg,1355335.72556027,0.17,0.00,0.13,6.14492574810999,42
2024,BK0103,South Williamsburg,1055387.58648404,0.15,0.00,0.08,6.40405877749661,26
2022,BK44,Madison,643644.796569599,,0.00,,6.70125,78
2024,BK0104,East Williamsburg,3722441.29073862,0.36,0.00,0.12,8.22096493451786,1
2024,BK0201,Brooklyn Heights,333889.897295095,0.09,0.00,0.10,4.69222256178629,164
2024,BK0202,Downtown Brooklyn-DUMBO-Boerum Hill,-13128.3120376705,0.14,0.00,0.14,4.55854861515963,170
2024,BK0203,Fort Greene,327874.986617178,0.17,0.00,0.11,5.7023564477808,75
2024,BK0204,Clinton Hill,432144.914647724,0.18,0.00,0.10,5.76835061420085,71
2024,BK0301,Bedford-Stuyvesant (West),232533.459775219,0.16,0.00,0.10,5.56316877955452,92
2024,BK0302,Bedford-Stuyvesant (East),-2466102.1283639,0.17,0.00,0.10,3.29730895584265,191
2024,BK0401,Bushwick (West),708798.961012008,0.17,0.00,0.16,5.95025178166651,56
2024,BK0402,Bushwick (East),-373365.51476811,0.15,0.00,0.14,5.07323645657686,133
2024,BK0501,Cypress Hills,-1166484.43704641,0.14,0.00,0.17,4.23725451890254,179
2024,BK0502,East New York (North),-1523623.21950544,0.16,0.00,0.14,4.3830545254895,175
2024,BK0503,East New York-New Lots,-402377.442568332,0.20,0.00,0.13,5.62775479837196,83
2024,BK0504,Spring Creek-Starrett City,188841.677091142,0.22,0.00,0.08,5.7885245198801,69
2024,BK0505,East New York-City Line,-878835.429455159,0.15,0.00,0.13,4.57342366233468,169
2024,BK0601,Carroll Gardens-Cobble Hill-Gowanus-Red Hook,690093.40410665,0.17,0.00,0.11,5.57433487160647,88
2024,BK0602,Park Slope,740191.865141086,0.09,0.00,0.10,5.58213332431608,87
2024,BK0701,Windsor Terrace-South Slope,751349.658538681,0.14,0.00,0.11,5.74833123746318,73
2024,BK0702,Sunset Park (West),1812385.83201379,0.22,0.00,0.21,6.82464285228968,13
2024,BK0703,Sunset Park (Central),552537.649261346,0.13,0.00,0.33,5.51442991559863,95
2024,BK0801,Prospect Heights,225138.973241551,0.11,0.00,0.09,4.92653919022203,145
2024,BK0802,Crown Heights (North),-404200.906121022,0.15,0.00,0.11,5.06348325995468,134
2024,BK0901,Crown Heights (South),-56409.5558567191,0.14,0.00,0.15,4.85381466656411,155
2024,BK0902,Prospect Lefferts Gardens-Wingate,-560298.344602313,0.12,0.00,0.13,4.86433565835837,153
2024,BK1001,Bay Ridge,2485987.17356987,0.17,0.00,0.14,6.57491123294319,21
2024,BK1002,Dyker Heights,1283956.11219479,0.20,0.00,0.21,5.70310257998995,74
2024,BK1101,Bensonhurst,1806362.34943439,0.16,0.00,0.25,6.41787351742223,24
2024,BK1102,Bath Beach,899835.001580302,0.17,0.00,0.20,5.34978449440163,111
2024,BK1103,Gravesend (West),1223285.62910325,0.16,0.00,0.22,6.03311060092135,51
2024,BK1201,Sunset Park (East)-Borough Park (West),802264.456125236,0.16,0.00,0.29,5.95156632246419,55
2024,BK1202,Borough Park,1459437.57843072,0.20,0.00,0.12,5.94523721564363,58
2024,BK1203,Kensington,134106.502346337,0.13,0.00,0.14,4.76313104394445,161
2024,BK1204,Mapleton-Midwood (West),1248582.95032581,0.26,0.00,0.14,6.05839081390788,50
2024,BK1301,Gravesend (South),-474243.002695216,0.24,0.00,0.18,4.48264229088177,172
2024,BK1302,Coney Island-Sea Gate,1616335.54044771,0.24,0.00,0.13,6.613466037368,19
2024,BK1303,Brighton Beach,235949.706253139,0.10,0.00,0.26,5.39048288848264,108
2024,BK1401,Flatbush,-424811.029993984,0.08,0.00,0.17,4.91109233546926,148
2024,BK1402,Flatbush (West)-Ditmas Park-Parkville,-509307.117265488,0.17,0.00,0.16,4.68680831594136,165
2024,BK1403,Midwood,721557.771528911,0.15,0.00,0.17,5.68315004615421,78
2024,BK1501,Gravesend (East)-Homecrest,1474982.85347844,0.18,0.00,0.17,5.94634601468439,57
2024,BK1502,Madison,708304.466658841,0.14,0.00,0.16,5.13182133605294,127
2024,BK1503,Sheepshead Bay-Manhattan Beach-Gerritsen Beach,2607257.13486394,0.21,0.00,0.16,7.27745934380549,5
2024,BK1601,Ocean Hill,-2263204.79687492,0.17,0.00,0.12,3.53624071094435,188
2024,BK1602,Brownsville,264829.105211529,0.24,0.00,0.14,6.41551643790855,25
2024,BK1701,East Flatbush-Erasmus,-737793.869854013,0.12,0.00,0.16,4.77394278554593,157
2024,BK1702,East Flatbush-Farragut,-1047139.98534026,0.10,0.00,0.17,4.77165729756101,160
2024,BK1703,East Flatbush-Rugby,-1377762.1916176,0.10,0.00,0.16,4.31750153012957,177
2024,BK1704,East Flatbush-Remsen Village,-1157371.26019768,0.14,0.00,0.17,4.81118132441079,156
2024,BK1801,Flatlands,-3182454.37147252,0.08,0.00,0.13,2.49245269494851,193
2024,BK1802,Marine Park-Mill Basin-Bergen Beach,84385.4488251216,0.11,0.00,0.11,4.8773343304584,150
2024,BK1803,Canarsie,-4278148.74096381,0.08,0.00,0.13,1.93305910761895,196
2024,BX0101,Mott Haven-Port Morris,1098264.02711379,0.31,0.00,0.15,6.90299504052407,11
2024,BX0102,Melrose,-1576332.38684432,0.23,0.00,0.14,4.37908517715323,176
2024,BX0201,Hunts Point,-690257.604337158,0.27,0.00,0.16,5.32249018377039,113
2024,BX0202,Longwood,-1466094.75301842,0.21,0.00,0.15,4.60655468875258,167
2024,BX0301,Morrisania,-2036964.96911641,0.30,0.00,0.13,3.99636364127716,182
2024,BX0302,Claremont Village-Claremont (East),110672.465016428,0.32,0.00,0.13,6.31235624899672,29
2024,BX0303,Crotona Park East,262736.266835935,0.30,0.00,0.16,6.10808044336039,45
2024,BX0401,Concourse-Concourse Village,166276.30050347,0.24,0.00,0.19,5.97548654563401,54
2024,BX0402,Highbridge,1268726.47414319,0.32,0.00,0.15,6.70239307501771,17
2024,BX0403,Mount Eden-Claremont (West),1144882.03469098,0.20,0.00,0.21,7.20760422830564,6
2024,BX0501,University Heights (South)-Morris Heights,2488302.68537993,0.29,0.00,0.20,8.07042973812685,2
2024,BX0502,Mount Hope,567009.442649681,0.19,0.00,0.24,6.73177274137555,16
2024,BX0503,Fordham Heights,74632.9495575572,0.16,0.00,0.27,6.35760055042742,27
2024,BX0601,West Farms,782558.992156596,0.34,0.00,0.17,7.12094349997454,8
2024,BX0602,Tremont,133584.205790344,0.31,0.00,0.16,6.02141457447067,52
2024,BX0603,Belmont,842296.234673038,0.34,0.00,0.22,6.8897794050165,12
2024,BX0701,University Heights (North)-Fordham,795907.586655403,0.27,0.00,0.24,6.2888468113217,32
2024,BX0702,Bedford Park,1463638.27020416,0.30,0.00,0.25,7.18867393436697,7
2024,BX0703,Norwood,-130707.951518669,0.19,0.00,0.23,5.68212952837369,79
2024,BX0801,Kingsbridge Heights-Van Cortlandt Village,1239751.24663314,0.19,0.00,0.18,6.22581046402644,38
2024,BX0802,Kingsbridge-Marble Hill,1328926.38279925,0.25,0.00,0.16,6.17264991491867,40
2024,BX0803,Riverdale-Spuyten Duyvil,2647476.19307849,0.27,0.00,0.11,6.64927631814594,18
2024,BX0901,Soundview-Bruckner-Bronx River,2385048.74164229,0.23,0.00,0.21,7.68658040654983,3
2024,BX0902,Soundview-Clason Point,293028.211265991,0.18,0.00,0.11,5.69443295826039,77
2024,BX0903,Castle Hill-Unionport,815649.654941075,0.24,0.00,0.16,5.81606841518454,66
2024,BX0904,Parkchester,474700.082457706,0.11,0.00,0.15,6.11831232913682,44
2024,BX1001,Westchester Square,-88214.4147788802,0.24,0.00,0.18,5.07583962958938,132
2024,BX1002,Throgs Neck-Schuylerville,1333211.83174242,0.15,0.00,0.09,5.8195384901783,65
2024,BX1003,Pelham Bay-Country Club-City Island,726654.52782675,0.13,0.00,0.12,5.56361263830487,91
2024,BX1004,Co-op City,569517.318558906,0.12,0.00,0.09,5.35238737529255,110
2024,BX1101,Pelham Parkway-Van Nest,958064.370252319,0.20,0.00,0.17,6.2380453585584,37
2024,BX1102,Morris Park,694844.680447353,0.27,0.00,0.16,5.41578731162611,104
2024,BX1103,Pelham Gardens,424307.742435832,0.14,0.00,0.13,5.79718665450165,67
2024,BX1104,Allerton,977239.814315569,0.16,0.00,0.18,6.59943742477319,20
2024,BX1201,Williamsbridge-Olinville,529461.6104009,0.20,0.00,0.16,6.10248482435762,47
2024,BX1202,Eastchester-Edenwald-Baychester,820539.305591008,0.25,0.00,0.15,6.24206018029429,36
2024,BX1203,Wakefield-Woodlawn,824032.005172278,0.19,0.00,0.15,6.29348818785923,31
2024,MN0101,Financial District-Battery Park City,339484.396606642,0.11,0.00,0.11,4.48197619953753,173
2024,MN0102,Tribeca-Civic Center,436350.661958288,0.12,0.00,0.11,5.34453338200409,112
2024,MN0201,SoHo-Little Italy-Hudson Square,485670.085448653,0.16,0.00,0.13,5.41215467016691,105
2024,MN0202,Greenwich Village,545591.271455395,0.12,0.00,0.11,5.24535499119444,117
2024,MN0203,West Village,436653.30189345,0.12,0.00,0.10,5.11285628357607,129
2024,MN0301,Chinatown-Two Bridges,1063990.15297659,0.17,0.00,0.18,6.80396557274663,14
2024,MN0302,Lower East Side,815973.731548145,0.23,0.00,0.13,5.7679779424613,72
2024,MN0303,East Village,737116.123057523,0.16,0.00,0.12,5.30790598861125,114
2024,MN0401,Chelsea-Hudson Yards,143771.133501679,0.13,0.00,0.12,4.91507928773282,147
2024,MN0402,Hell's Kitchen,677899.670107339,0.12,0.00,0.15,5.61715329947525,84
2024,MN0501,Midtown South-Flatiron-Union Square,330563.241654016,0.16,0.00,0.13,5.18662022324708,121
2024,MN0502,Midtown-Times Square,909302.541546453,0.33,0.00,0.16,5.65616521185215,81
2024,MN0601,Stuyvesant Town-Peter Cooper Village,485342.168771942,0.15,0.00,0.13,4.91554650818621,146
2024,MN0602,Gramercy,410034.63548558,0.11,0.00,0.10,4.87015737078103,152
2024,MN0603,Murray Hill-Kips Bay,926197.93662432,0.11,0.00,0.14,5.49564540784853,98
2024,MN0604,East Midtown-Turtle Bay,553265.278906079,0.08,0.00,0.13,4.94702487238689,143
2024,MN0701,Upper West Side-Lincoln Square,1359491.95357208,0.13,0.00,0.14,6.12488282550112,43
2024,MN0702,Upper West Side (Central),922781.255114679,0.12,0.00,0.13,5.50203587992592,97
2024,MN0703,Upper West Side-Manhattan Valley,1160549.86403112,0.15,0.00,0.14,6.26672640822393,34
2024,MN0801,Upper East Side-Lenox Hill-Roosevelt Island,983389.715132342,0.09,0.00,0.17,5.1725775722408,123
2024,MN0802,Upper East Side-Carnegie Hill,993736.244297001,0.18,0.00,0.11,5.12880205935485,128
2024,MN0803,Upper East Side-Yorkville,881719.204402591,0.10,0.00,0.12,5.16030380191853,125
2024,MN0901,Morningside Heights,286435.656628784,0.22,0.00,0.19,5.87454756716406,59
2024,MN0902,Manhattanville-West Harlem,785225.125520075,0.24,0.00,0.14,6.21985801287732,39
2024,MN0903,Hamilton Heights-Sugar Hill,943342.911429751,0.18,0.00,0.18,5.79562466237896,68
2024,MN1001,Harlem (South),-1232416.71568931,0.15,0.00,0.12,3.80792589205337,186
2024,MN1002,Harlem (North),1169640.71234775,0.20,0.00,0.13,6.25534148465763,35
2024,MN1101,East Harlem (South),1517825.79496548,0.22,0.00,0.13,6.79679658800228,15
2024,MN1102,East Harlem (North),779599.425861069,0.25,0.00,0.12,6.14759982616717,41
2024,MN1201,Washington Heights (South),1816291.43374584,0.20,0.00,0.19,7.08711504909587,9
2024,MN1202,Washington Heights (North),2440297.98549901,0.24,0.00,0.19,7.38953108516937,4
2024,MN1203,Inwood,-624041.386971921,0.15,0.00,0.17,4.58374591854045,168
2024,QN0101,Astoria (North)-Ditmars-Steinway,2040784.74433581,0.20,0.00,0.13,6.44508216491109,23
2024,QN0102,Old Astoria-Hallets Point,187938.628122772,0.20,0.00,0.18,4.95083273954624,141
2024,QN0103,Astoria (Central),860166.780490197,0.12,0.00,0.16,5.85637810665527,61
2024,QN0104,Astoria (East)-Woodside (North),1072940.28535686,0.17,0.00,0.18,5.77104964294387,70
2024,QN0105,Queensbridge-Ravenswood-Dutch Kills,-3549293.758594,0.19,0.00,0.17,2.24547929945867,195
2024,QN0201,Long Island City-Hunters Point,-129753.359422854,0.11,0.00,0.21,5.13858327422342,126
2024,QN0202,Sunnyside,-104606.613041088,0.16,0.00,0.26,5.1813325722793,122
2024,QN0203,Woodside,-557994.268884639,0.15,0.00,0.33,4.00008275656782,181
2024,QN0301,Jackson Heights,2552899.61208652,0.18,0.00,0.26,7.07063041401914,10
2024,QN0302,East Elmhurst,160279.081967766,0.19,0.00,0.24,5.59176823750418,85
2024,QN0303,North Corona,408405.276995648,0.14,0.00,0.40,5.40912309356267,106
2024,QN0401,Elmhurst,1836059.86860406,0.14,0.00,0.32,6.35115193958113,28
2024,QN0402,Corona,1177197.0215739,0.14,0.00,0.32,6.48853939117394,22
2024,QN0501,Maspeth,752749.328760964,0.12,0.00,0.18,5.85319017615512,62
2024,QN0502,Ridgewood,1390134.29991662,0.13,0.00,0.20,6.31223338126821,30
2024,QN0503,Glendale,403126.687652967,0.18,0.00,0.15,5.16229329774053,124
2024,QN0504,Middle Village,-481957.925624873,0.11,0.00,0.15,3.96253079574673,183
2024,QN0601,Rego Park,871465.203141863,0.17,0.00,0.20,5.25160213127945,116
2024,QN0602,Forest Hills,391757.228184131,0.11,0.00,0.17,4.75279775735414,162
2024,QN0701,College Point,1361530.21057138,0.21,0.00,0.19,6.1004946758041,48
2024,QN0702,Whitestone-Beechhurst,709596.825602113,0.11,0.00,0.12,5.56484459892189,90
2024,QN0703,Bay Terrace-Clearview,498161.785151664,0.10,0.00,0.10,5.08688321498661,131
2024,QN0704,Murray Hill-Broadway Flushing,1171346.50584345,0.12,0.00,0.27,6.07410383605411,49
2024,QN0705,East Flushing,587386.734248914,0.21,0.00,0.30,5.21135806646522,120
2024,QN0706,Queensboro Hill,1220847.02041877,0.31,0.00,0.28,5.47261549431794,102
2024,QN0707,Flushing-Willets Point,838894.147898957,0.16,0.00,0.37,5.86830141193536,60
2024,QN0801,Kew Gardens Hills,-311932.665043698,0.14,0.00,0.15,4.3161430624555,178
2024,QN0802,Pomonok-Electchester-Hillcrest,235557.252383678,0.11,0.00,0.14,5.1118200234226,130
2024,QN0803,Fresh Meadows-Utopia,665195.176721195,0.14,0.00,0.16,4.97860848453909,138
2024,QN0804,Jamaica Estates-Holliswood,907124.454477122,0.22,0.00,0.18,6.27049140932476,33
2024,QN0805,Jamaica Hills-Briarwood,236913.516214615,0.14,0.00,0.19,5.83989748894907,64
2024,QN0901,Kew Gardens,72641.3346878265,0.14,0.00,0.13,4.61789730939741,166
2024,QN0902,Richmond Hill,-3433101.09946039,0.14,0.00,0.20,1.66790910608434,197
2024,QN0903,South Richmond Hill,-343057.394237872,0.14,0.00,0.25,4.77253715533171,159
2024,QN0904,Ozone Park (North),417446.997176517,0.28,0.00,0.20,4.96047092167062,139
2024,QN0905,Woodhaven,-196114.85626356,0.13,0.00,0.20,4.77376596995675,158
2024,QN1001,South Ozone Park,509728.47946863,0.12,0.00,0.18,6.01365896588919,53
2024,QN1002,Ozone Park,882376.266838024,0.27,0.00,0.14,5.28638919211813,115
2024,QN1003,Howard Beach-Lindenwood,726914.983739483,0.12,0.00,0.08,5.51422341290178,96
2024,QN1101,Auburndale,1001987.83371797,0.13,0.00,0.18,5.3760672070723,109
2024,QN1102,Bayside,961224.993704431,0.13,0.00,0.14,5.67346554867823,80
2024,QN1103,Douglaston-Little Neck,396606.701676989,0.11,0.00,0.12,4.94565042816635,144
2024,QN1104,Oakland Gardens-Hollis Hills,557889.437230366,0.10,0.00,0.13,4.94902217036416,142
2024,QN1201,Jamaica,-1998551.17688904,0.13,0.00,0.24,3.92810250288421,184
2024,QN1202,South Jamaica,-3624176.79513963,0.14,0.00,0.17,3.1956541851674,192
2024,QN1203,Baisley Park,-925195.428019899,0.09,0.00,0.15,4.98117912114011,137
2024,QN1204,Springfield Gardens (North)-Rochdale Village,-1134213.75368475,0.07,0.00,0.10,4.47230246050486,174
2024,QN1205,St. Albans,-2915128.18613421,0.08,0.00,0.12,2.35487624246713,194
2024,QN1206,Hollis,-1299441.72436462,0.09,0.00,0.15,4.01874343684707,180
2024,QN1301,Glen Oaks-Floral Park-New Hyde Park,1563062.77580299,0.31,0.00,0.14,5.59134607956395,86
2024,QN1302,Bellerose,626748.001658419,0.11,0.00,0.16,5.56646781244878,89
2024,QN1303,Queens Village,-1630911.15236098,0.09,0.00,0.15,3.74456044660642,187
2024,QN1304,Cambria Heights,-846870.637062672,0.03,0.00,0.12,3.90537409221389,185
2024,QN1305,Laurelton,-1292000.60372653,0.03,0.00,0.11,3.46827110746808,189
2024,QN1306,Springfield Gardens (South)-Brookville,-162404.666645044,0.09,0.00,0.12,5.47783421141422,100
2024,QN1307,Rosedale,20160.5154243239,0.05,0.00,0.13,4.86292229382174,154
2024,QN1401,Far Rockaway-Bayswater,289640.305216841,0.16,0.00,0.15,5.8437253151416,63
2024,QN1402,Rockaway Beach-Arverne-Edgemere,212972.850001161,0.14,0.00,0.12,5.23390308917025,118
2024,QN1403,Breezy Point-Belle Harbor-Rockaway Park-Broad Channel,528665.700381997,0.18,0.00,0.08,5.40416469220179,107
2024,SI0101,St. George-New Brighton,-237746.901649421,0.08,0.00,0.12,4.99979652019921,136
2024,SI0102,Tompkinsville-Stapleton-Clifton-Fox Hills,-1901426.98509383,0.09,0.00,0.14,3.32944667155805,190
2024,SI0103,Rosebank-Shore Acres-Park Hill,-124780.283474785,0.08,0.00,0.12,5.21654967230053,119
2024,SI0104,West New Brighton-Silver Lake-Grymes Hill,224845.990993666,0.14,0.00,0.10,4.87891469278472,149
2024,SI0105,Westerleigh-Castleton Corners,698446.349424116,0.11,0.00,0.09,5.5399304568253,93
2024,SI0106,Port Richmond,-722445.957726852,0.13,0.00,0.15,4.5445749908367,171
2024,SI0107,Mariner's Harbor-Arlington-Graniteville,583181.137723868,0.11,0.00,0.13,5.53373479144258,94
2024,SI0201,Grasmere-Arrochar-South Beach-Dongan Hills,644265.224158975,0.12,0.00,0.12,5.47635704441748,101
2024,SI0202,New Dorp-Midland Beach,505741.94173842,0.08,0.00,0.16,5.47821093936129,99
2024,SI0203,Todt Hill-Emerson Hill-Lighthouse Hill-Manor Heights,978614.789462743,0.24,0.00,0.11,5.69982677085653,76
2024,SI0204,New Springville-Willowbrook-Bulls Head-Travis,1421004.9451251,0.16,0.00,0.11,6.1043111967747,46
2024,SI0301,Oakwood-Richmondtown,352582.752349835,0.10,0.00,0.09,5.44278531796031,103
2024,SI0302,Great Kills-Eltingville,630573.238306216,0.08,0.00,0.08,5.02297197649948,135
2024,SI0303,Arden Heights-Rossville,402179.416185866,0.06,0.00,0.08,4.87296242004571,151
2024,SI0304,Annadale-Huguenot-Prince's Bay-Woodrow,763039.62038734,0.10,0.00,0.07,4.95535215642392,140
2024,SI0305,Tottenville-Charleston,484231.064088728,0.15,0.00,0.07,4.72457518225924,163
2023,BK0101,Greenpoint,738933.793,0.11,0.00,0.12,5.64358981908201,69
2023,BK0102,Williamsburg,1091178.236,0.12,0.00,0.13,6.19005506507175,35
2023,BK0103,South Williamsburg,2029566.807,0.23,0.00,0.08,7.35344170734552,5
2023,BK0104,East Williamsburg,1585135.786,0.18,0.00,0.11,7.0833727724901,10
2023,BK0201,Brooklyn Heights,228539.2031,0.08,0.00,0.08,4.71898605467515,152
2023,BK0202,Downtown Brooklyn-DUMBO-Boerum Hill,-82217.31493,0.13,0.00,0.14,4.34092202088021,165
2023,BK0203,Fort Greene,-225650.6732,0.16,0.00,0.10,4.53420730558644,159
2023,BK0204,Clinton Hill,-904474.3638,0.12,0.00,0.09,3.68614173088501,182
2023,BK0301,Bedford-Stuyvesant (West),1003226.768,0.16,0.00,0.10,6.09957404621829,37
2023,BK0302,Bedford-Stuyvesant (East),-1170859.96,0.17,0.00,0.10,3.49745687097932,185
2023,BK0401,Bushwick (West),1062227.42,0.16,0.00,0.16,5.86969499107922,54
2023,BK0402,Bushwick (East),421284.6439,0.16,0.00,0.14,5.477680407839,87
2023,BK0501,Cypress Hills,-816321.473,0.12,0.00,0.17,4.06173797776836,174
2023,BK0502,East New York (North),-567429.1908,0.18,0.00,0.15,4.79450671809214,150
2023,BK0503,East New York-New Lots,225689.695,0.19,0.00,0.13,6.00985900056885,42
2023,BK0504,Spring Creek-Starrett City,165093.6867,0.21,0.00,0.08,5.18597690377458,110
2023,BK0505,East New York-City Line,455552.9834,0.17,0.00,0.13,5.21889430702352,109
2023,BK0601,Carroll Gardens-Cobble Hill-Gowanus-Red Hook,701540.9248,0.14,0.00,0.10,5.68378611063927,65
2023,BK0602,Park Slope,519668.3874,0.07,0.00,0.10,5.46624550155122,90
2023,BK0701,Windsor Terrace-South Slope,408957.7151,0.07,0.00,0.10,5.51319416444421,81
2023,BK0702,Sunset Park (West),1300662.35,0.15,0.00,0.21,6.72486250598397,19
2023,BK0703,Sunset Park (Central),1017015.354,0.18,0.00,0.33,5.98518146138267,45
2023,BK0801,Prospect Heights,-255191.1564,0.10,0.00,0.09,4.33144572372438,166
2023,BK0802,Crown Heights (North),904955.1753,0.17,0.00,0.11,5.3247049125813,99
2023,BK0901,Crown Heights (South),428357.3896,0.16,0.00,0.14,5.02421319164314,129
2023,BK0902,Prospect Lefferts Gardens-Wingate,220152.9382,0.17,0.00,0.13,5.33081217592656,98
2023,BK1001,Bay Ridge,1686208.707,0.12,0.00,0.13,6.38137447532009,27
2023,BK1002,Dyker Heights,852818.4839,0.14,0.00,0.21,5.56824074226251,75
2023,BK1101,Bensonhurst,2099139.507,0.14,0.00,0.24,7.01269064136292,12
2023,BK1102,Bath Beach,732983.569,0.12,0.00,0.19,5.3502635394,96
2023,BK1103,Gravesend (West),1324008.657,0.14,0.00,0.21,6.25896162344895,31
2023,BK1201,Sunset Park (East)-Borough Park (West),971023.7311,0.18,0.00,0.29,6.26920288117874,30
2023,BK1202,Borough Park,1583534.44,0.18,0.00,0.12,6.23192730017807,33
2023,BK1203,Kensington,476246.8529,0.14,0.00,0.14,5.06833580598431,123
2023,BK1204,Mapleton-Midwood (West),553225.1803,0.15,0.00,0.13,5.67913877906736,67
2023,BK1301,Gravesend (South),-412136.3796,0.17,0.00,0.16,4.36344563206805,164
2023,BK1302,Coney Island-Sea Gate,1534515.34,0.21,0.00,0.13,6.60213116338661,21
2023,BK1303,Brighton Beach,1010009.066,0.20,0.00,0.25,6.06094365985485,40
2023,BK1401,Flatbush,932380.7417,0.15,0.00,0.17,5.4967464511929,85
2023,BK1402,Flatbush (West)-Ditmas Park-Parkville,-77079.7641,0.15,0.00,0.15,4.83628200654277,142
2023,BK1403,Midwood,929666.6185,0.15,0.00,0.16,5.94541959074544,48
2023,BK1501,Gravesend (East)-Homecrest,1214056.048,0.14,0.00,0.16,6.00240349706896,43
2023,BK1502,Madison,538475.7539,0.11,0.00,0.15,5.08510090888713,122
2023,BK1503,Sheepshead Bay-Manhattan Beach-Gerritsen Beach,1493289.317,0.12,0.00,0.15,6.85269975595969,15
2023,BK1601,Ocean Hill,-1889557.933,0.16,0.00,0.12,2.79757967558249,192
2023,BK1602,Brownsville,1322309.626,0.31,0.00,0.12,7.60223159540944,4
2023,BK1701,East Flatbush-Erasmus,-156023.3795,0.15,0.00,0.17,4.37246116636675,163
2023,BK1702,East Flatbush-Farragut,-810537.5212,0.11,0.00,0.18,4.31421072836432,167
2023,BK1703,East Flatbush-Rugby,-575068.8268,0.13,0.00,0.16,4.46724866841333,162
2023,BK1704,East Flatbush-Remsen Village,-319917.5862,0.17,0.00,0.16,5.13693646254285,115
2023,BK1801,Flatlands,-2014610.081,0.11,0.00,0.13,2.43407211461348,193
2023,BK1802,Marine Park-Mill Basin-Bergen Beach,47701.30332,0.08,0.00,0.10,4.83449570436497,143
2023,BK1803,Canarsie,-2750146.046,0.11,0.00,0.13,1.65699505237453,196
2023,BX0101,Mott Haven-Port Morris,175613.1911,0.26,0.00,0.15,5.71276612527557,64
2023,BX0102,Melrose,-1540329.219,0.24,0.00,0.14,3.19899024308961,188
2023,BX0201,Hunts Point,-882935.4792,0.25,0.00,0.15,4.80966188600706,145
2023,BX0202,Longwood,-1185763.548,0.23,0.00,0.16,3.76359494701655,179
2023,BX0301,Morrisania,-1737491.446,0.23,0.00,0.15,3.26761334887868,187
2023,BX0302,Claremont Village-Claremont (East),315318.4806,0.32,0.00,0.12,6.21006352731371,34
2023,BX0303,Crotona Park East,310799.6093,0.21,0.00,0.14,5.89308402233497,53
2023,BX0401,Concourse-Concourse Village,252016.6664,0.21,0.00,0.20,5.22055785769012,108
2023,BX0402,Highbridge,933718.517,0.23,0.00,0.16,6.843937719401,16
2023,BX0403,Mount Eden-Claremont (West),1516984.135,0.21,0.00,0.23,7.77758302601553,3
2023,BX0501,University Heights (South)-Morris Heights,2361859.989,0.25,0.00,0.21,8.22571320479659,2
2023,BX0502,Mount Hope,1221510.163,0.21,0.00,0.24,7.20448408835081,8
2023,BX0503,Fordham Heights,806269.9604,0.26,0.00,0.26,6.86734467932298,14
2023,BX0601,West Farms,705172.413,0.29,0.00,0.15,7.3298848633087,6
2023,BX0602,Tremont,120410.8154,0.25,0.00,0.13,5.84129681765329,57
2023,BX0603,Belmont,598753.4068,0.27,0.00,0.22,6.73109768660725,17
2023,BX0701,University Heights (North)-Fordham,238871.2233,0.19,0.00,0.23,5.67946027626581,66
2023,BX0702,Bedford Park,470875.1776,0.20,0.00,0.24,6.2554304994514,32
2023,BX0703,Norwood,328355.2015,0.23,0.00,0.22,5.85281676444261,56
2023,BX0801,Kingsbridge Heights-Van Cortlandt Village,1149632.868,0.16,0.00,0.19,6.44142694663775,25
2023,BX0802,Kingsbridge-Marble Hill,891419.3725,0.17,0.00,0.14,6.0381110756269,41
2023,BX0803,Riverdale-Spuyten Duyvil,932579.4693,0.10,0.00,0.09,6.08751469717078,38
2023,BX0901,Soundview-Bruckner-Bronx River,2732153.361,0.22,0.00,0.21,8.57116335042092,1
2023,BX0902,Soundview-Clason Point,611939.7541,0.20,0.00,0.10,5.77956418868397,59
2023,BX0903,Castle Hill-Unionport,756392.0494,0.18,0.00,0.14,5.92655896135189,51
2023,BX0904,Parkchester,840305.2111,0.16,0.00,0.13,6.3445085705365,29
2023,BX1001,Westchester Square,-720982.8287,0.17,0.00,0.18,4.22871210151021,170
2023,BX1002,Throgs Neck-Schuylerville,861008.6592,0.11,0.00,0.09,5.59280619013973,72
2023,BX1003,Pelham Bay-Country Club-City Island,587966.9619,0.10,0.00,0.11,5.47152059665845,88
2023,BX1004,Co-op City,679792.9615,0.12,0.00,0.09,5.36835285352644,95
2023,BX1101,Pelham Parkway-Van Nest,748668.695,0.18,0.00,0.18,6.15337729756457,36
2023,BX1102,Morris Park,-196019.0406,0.13,0.00,0.15,4.54919460482864,157
2023,BX1103,Pelham Gardens,436643.549,0.10,0.00,0.13,5.60798001291102,71
2023,BX1104,Allerton,1489743.856,0.21,0.00,0.18,7.30117156621235,7
2023,BX1201,Williamsbridge-Olinville,1107460.732,0.19,0.00,0.17,6.64386088042666,20
2023,BX1202,Eastchester-Edenwald-Baychester,425054.0326,0.15,0.00,0.15,5.99931684153448,44
2023,BX1203,Wakefield-Woodlawn,350310.2462,0.14,0.00,0.15,5.75355705777391,62
2023,MN0101,Financial District-Battery Park City,625005.7956,0.07,0.00,0.11,5.03139853586597,128
2023,MN0102,Tribeca-Civic Center,203115.2124,0.06,0.00,0.11,5.28626607616062,104
2023,MN0201,SoHo-Little Italy-Hudson Square,332364.0939,0.10,0.00,0.14,5.3870709972304,93
2023,MN0202,Greenwich Village,336493.8523,0.08,0.00,0.12,5.15916901685151,112
2023,MN0203,West Village,376781.3101,0.10,0.00,0.10,5.06099204359275,124
2023,MN0301,Chinatown-Two Bridges,1329800.632,0.21,0.00,0.19,7.09982827913244,9
2023,MN0302,Lower East Side,290239.4793,0.18,0.00,0.13,5.29368531064467,102
2023,MN0303,East Village,842491.8974,0.15,0.00,0.11,5.44616669878708,91
2023,MN0401,Chelsea-Hudson Yards,-311334.0647,0.10,0.00,0.12,4.27539196744001,169
2023,MN0402,Hell's Kitchen,903109.1351,0.12,0.00,0.14,5.95831766973986,46
2023,MN0501,Midtown South-Flatiron-Union Square,41919.22102,0.08,0.00,0.13,4.92685980950701,136
2023,MN0502,Midtown-Times Square,-34734.24015,0.09,0.00,0.15,4.31004914261419,168
2023,MN0601,Stuyvesant Town-Peter Cooper Village,210408.2356,0.08,0.00,0.13,4.82208045706524,144
2023,MN0602,Gramercy,424875.0802,0.09,0.00,0.08,5.04651607940864,125
2023,MN0603,Murray Hill-Kips Bay,1127865.041,0.10,0.00,0.13,5.58353997610765,73
2023,MN0604,East Midtown-Turtle Bay,435464.0499,0.06,0.00,0.12,4.84852790598175,140
2023,MN0701,Upper West Side-Lincoln Square,915483.0524,0.08,0.00,0.14,5.53799925152596,80
2023,MN0702,Upper West Side (Central),439127.3718,0.08,0.00,0.11,5.15347374173205,113
2023,MN0703,Upper West Side-Manhattan Valley,1199965.112,0.15,0.00,0.13,6.57316638299157,23
2023,MN0801,Upper East Side-Lenox Hill-Roosevelt Island,1240516.348,0.08,0.00,0.15,5.67896071047091,68
2023,MN0802,Upper East Side-Carnegie Hill,295590.553,0.06,0.00,0.10,4.80271565316257,148
2023,MN0803,Upper East Side-Yorkville,1007297.5,0.08,0.00,0.12,5.35022271962538,97
2023,MN0901,Morningside Heights,-8538.37235,0.14,0.00,0.17,4.8746229071933,139
2023,MN0902,Manhattanville-West Harlem,618887.0533,0.19,0.00,0.15,5.95408224139176,47
2023,MN0903,Hamilton Heights-Sugar Hill,808996.8136,0.16,0.00,0.17,5.73699205697291,63
2023,MN1001,Harlem (South),-441461.397,0.17,0.00,0.12,4.00082076538383,175
2023,MN1002,Harlem (North),2027470.719,0.21,0.00,0.12,7.07732412685636,11
2023,MN1101,East Harlem (South),1621986.721,0.21,0.00,0.13,6.72816624404931,18
2023,MN1102,East Harlem (North),1216045.823,0.24,0.00,0.12,6.08637757320779,39
2023,MN1201,Washington Heights (South),1600742.474,0.19,0.00,0.20,6.98508536339244,13
2023,MN1202,Washington Heights (North),1064662.487,0.16,0.00,0.18,6.44435379122101,24
2023,MN1203,Inwood,-180238.2823,0.15,0.00,0.17,4.65450962451711,155
2023,QN0101,Astoria (North)-Ditmars-Steinway,1030231.57,0.10,0.00,0.13,5.86907365312933,55
2023,QN0102,Old Astoria-Hallets Point,231781.5294,0.19,0.00,0.17,5.04100682336669,126
2023,QN0103,Astoria (Central),1059902.485,0.12,0.00,0.16,5.77305661206465,60
2023,QN0104,Astoria (East)-Woodside (North),716980.1706,0.12,0.00,0.17,5.4986176083037,84
2023,QN0105,Queensbridge-Ravenswood-Dutch Kills,-1392681.791,0.20,0.00,0.16,3.3912688107392,186
2023,QN0201,Long Island City-Hunters Point,-89791.05924,0.06,0.00,0.20,5.17067568361909,111
2023,QN0202,Sunnyside,-1001672.239,0.11,0.00,0.26,3.9966453999894,176
2023,QN0203,Woodside,818241.9269,0.09,0.00,0.33,5.48856466075349,86
2023,QN0301,Jackson Heights,1263895.726,0.10,0.00,0.26,6.41058320501429,26
2023,QN0302,East Elmhurst,-164804.5072,0.12,0.00,0.22,5.14757373346515,114
2023,QN0303,North Corona,-1101326.345,0.11,0.00,0.39,3.66200531620297,184
2023,QN0401,Elmhurst,452126.929,0.11,0.00,0.32,5.10113565066209,121
2023,QN0402,Corona,-2263537.799,0.13,0.00,0.33,2.36507681363192,194
2023,QN0501,Maspeth,553743.5826,0.09,0.00,0.17,5.27904991164818,105
2023,QN0502,Ridgewood,1139912.396,0.10,0.00,0.19,5.93631233089149,49
2023,QN0503,Glendale,-209126.8543,0.08,0.00,0.14,4.20286431106503,171
2023,QN0504,Middle Village,-527148.9697,0.08,0.00,0.15,3.72190153906443,181
2023,QN0601,Rego Park,446473.1014,0.11,0.00,0.19,4.94312850161629,133
2023,QN0602,Forest Hills,723135.1813,0.09,0.00,0.16,5.128559196016,118
2023,QN0701,College Point,517283.4944,0.08,0.00,0.19,5.46932668008335,89
2023,QN0702,Whitestone-Beechhurst,452737.1232,0.07,0.00,0.12,5.29641942883118,101
2023,QN0703,Bay Terrace-Clearview,384720.2784,0.08,0.00,0.10,5.13440397248179,116
2023,QN0704,Murray Hill-Broadway Flushing,1112804.93,0.11,0.00,0.27,5.76256409013113,61
2023,QN0705,East Flushing,78995.23013,0.12,0.00,0.29,4.68532744056125,154
2023,QN0706,Queensboro Hill,369394.8118,0.11,0.00,0.28,4.93846412187309,134
2023,QN0707,Flushing-Willets Point,799023.231,0.16,0.00,0.36,5.29831691400506,100
2023,QN0801,Kew Gardens Hills,-309269.1005,0.10,0.00,0.15,4.08867070559774,172
2023,QN0802,Pomonok-Electchester-Hillcrest,713600.1306,0.15,0.00,0.12,5.50722203717618,82
2023,QN0803,Fresh Meadows-Utopia,516502.9152,0.11,0.00,0.15,5.03481482120984,127
2023,QN0804,Jamaica Estates-Holliswood,341396.5582,0.09,0.00,0.17,5.9267085231277,50
2023,QN0805,Jamaica Hills-Briarwood,439227.4095,0.13,0.00,0.18,5.92259179807272,52
2023,QN0901,Kew Gardens,144592.772,0.10,0.00,0.14,4.65228241391992,156
2023,QN0902,Richmond Hill,-2468787.736,0.11,0.00,0.19,1.41129491603146,197
2023,QN0903,South Richmond Hill,-114405.2212,0.13,0.00,0.24,4.80765360797996,146
2023,QN0904,Ozone Park (North),-117007.6035,0.12,0.00,0.19,4.53875773373029,158
2023,QN0905,Woodhaven,-121379.7725,0.08,0.00,0.20,4.79669491458607,149
2023,QN1001,South Ozone Park,588303.7278,0.11,0.00,0.17,5.54036462225884,79
2023,QN1002,Ozone Park,321295.4656,0.10,0.00,0.13,4.92139444269099,137
2023,QN1003,Howard Beach-Lindenwood,636282.0614,0.10,0.00,0.07,5.62787272351457,70
2023,QN1101,Auburndale,553408.6708,0.07,0.00,0.18,5.11010085607041,120
2023,QN1102,Bayside,565390.0224,0.07,0.00,0.14,5.54160902669406,78
2023,QN1103,Douglaston-Little Neck,262784.4073,0.06,0.00,0.12,4.84328900689894,141
2023,QN1104,Oakland Gardens-Hollis Hills,439646.0523,0.08,0.00,0.12,5.01173807558284,131
2023,QN1201,Jamaica,-1862764.978,0.14,0.00,0.24,2.9753828731446,190
2023,QN1202,South Jamaica,-2882998.136,0.16,0.00,0.17,2.89651347627978,191
2023,QN1203,Baisley Park,-189680.0695,0.11,0.00,0.15,5.28667427438506,103
2023,QN1204,Springfield Gardens (North)-Rochdale Village,-627467.6394,0.11,0.00,0.09,4.49631663561612,160
2023,QN1205,St. Albans,-1996022.429,0.10,0.00,0.12,2.18655189945935,195
2023,QN1206,Hollis,-702529.8383,0.11,0.00,0.14,3.89852817965056,177
2023,QN1301,Glen Oaks-Floral Park-New Hyde Park,406931.2689,0.08,0.00,0.14,4.88182969970678,138
2023,QN1302,Bellerose,427361.2366,0.08,0.00,0.16,5.57770203204466,74
2023,QN1303,Queens Village,-981430.8178,0.09,0.00,0.15,3.67612328566696,183
2023,QN1304,Cambria Heights,-601660.901,0.07,0.00,0.12,3.8068994117907,178
2023,QN1305,Laurelton,-608571.9333,0.07,0.00,0.11,3.74514782956288,180
2023,QN1306,Springfield Gardens (South)-Brookville,62271.05773,0.11,0.00,0.11,5.3836286740024,94
2023,QN1307,Rosedale,234625.1306,0.08,0.00,0.10,4.93618216701107,135
2023,QN1401,Far Rockaway-Bayswater,869787.9585,0.16,0.00,0.15,6.35145310965015,28
2023,QN1402,Rockaway Beach-Arverne-Edgemere,1381374.195,0.18,0.00,0.11,6.57834582923461,22
2023,QN1403,Breezy Point-Belle Harbor-Rockaway Park-Broad Channel,332443.0736,0.10,0.00,0.07,5.26932253582898,106
2023,SI0101,St. George-New Brighton,390451.9196,0.17,0.00,0.11,5.25215660944215,107
2023,SI0102,Tompkinsville-Stapleton-Clifton-Fox Hills,-1266679.246,0.18,0.00,0.14,3.16543124881586,189
2023,SI0103,Rosebank-Shore Acres-Park Hill,345292.4355,0.14,0.00,0.12,5.55569715188453,77
2023,SI0104,West New Brighton-Silver Lake-Grymes Hill,164771.2549,0.10,0.00,0.10,4.7482469163336,151
2023,SI0105,Westerleigh-Castleton Corners,417583.2509,0.07,0.00,0.10,5.50051679928357,83
2023,SI0106,Port Richmond,-709989.7873,0.11,0.00,0.15,4.06678763314699,173
2023,SI0107,Mariner's Harbor-Arlington-Graniteville,502986.0649,0.11,0.00,0.14,5.40947114909143,92
2023,SI0201,Grasmere-Arrochar-South Beach-Dongan Hills,568660.8488,0.10,0.00,0.11,5.5648819309015,76
2023,SI0202,New Dorp-Midland Beach,515928.8776,0.08,0.00,0.15,5.12292736060944,119
2023,SI0203,Todt Hill-Emerson Hill-Lighthouse Hill-Manor Heights,-37083.22985,0.07,0.00,0.11,4.48208492099508,161
2023,SI0204,New Springville-Willowbrook-Bulls Head-Travis,729327.2479,0.08,0.00,0.10,5.80347755362851,58
2023,SI0301,Oakwood-Richmondtown,331779.91,0.08,0.00,0.08,5.01058849068037,132
2023,SI0302,Great Kills-Eltingville,581386.9542,0.07,0.00,0.06,5.01270756636697,130
2023,SI0303,Arden Heights-Rossville,480368.9664,0.07,0.00,0.07,5.13067395488024,117
2023,SI0304,Annadale-Huguenot-Prince's Bay-Woodrow,391979.8772,0.05,0.00,0.07,4.8035791775019,147
2023,SI0305,Tottenville-Charleston,253192.0929,0.07,0.00,0.07,4.69067524166636,153
2022,BK09,Brooklyn Heights-Cobble Hill,357939.771204754,,0.00,,6.222,137
2022,BK17,Sheepshead Bay-Gerritsen Beach-Manhattan Beach,1388057.14038015,,0.00,,7.55175,28
2022,BK19,Brighton Beach,925341.219891935,,0.00,,7.201,45
2022,BK21,Seagate-Coney Island,389108.055375911,,0.00,,7.461,34
2022,BK23,West Brighton,380626.519733415,,0.00,,6.481,107
2022,BK25,Homecrest,511214.631957526,,0.00,,6.69525,80
2022,BK26,Gravesend,-543034.692016205,,0.00,,6.2045,139
2022,BK27,Bath Beach,755600.064570707,,0.00,,6.853,65
2022,BK28,Bensonhurst West,1255889.04006466,,0.00,,7.77725,17
2022,BK29,Bensonhurst East,641438.29737552,,0.00,,7.06425,50
2022,BK30,Dyker Heights,777325.536666518,,0.00,,7.06825,48
2022,BK31,Bay Ridge,1274700.91024922,,0.00,,7.40025,37
2022,BK32,Sunset Park West,1179545.80540742,,0.00,,7.824,16
2022,BK33,Carroll Gardens-Columbia Street-Red Hook,622414.526256284,,0.00,,6.6175,87
2022,BK34,Sunset Park East,1659544.94380941,,0.00,,8.25925,5
2022,BK35,Stuyvesant Heights,-3178057.857265,,0.00,,4.65075,183
2022,BK37,Park Slope-Gowanus,443301.197532398,,0.00,,6.344,122
2022,BK38,DUMBO-Vinegar Hill-Downtown Brooklyn-Boerum Hill,435079.333125454,,0.00,,6.69625,79
2022,BK40,Windsor Terrace,225188.887909773,,0.00,,6.117,147
2022,BK41,Kensington-Ocean Parkway,-114296.241021798,,0.00,,6.21325,138
2022,BK42,Flatbush,-1962149.37153344,,0.00,,5.47725,172
2022,BK45,Georgetown-Marine Park-Bergen Beach-Mill Basin,143933.135575954,,0.00,,6.31225,130
2022,BK46,Ocean Parkway South,-890581.661571043,,0.00,,5.4135,175
2022,BK50,Canarsie,-4652214.33094804,,0.00,,3.218,187
2022,BK58,Flatlands,-978325.689157357,,0.00,,5.90675,155
2022,BK60,Prospect Lefferts Gardens-Wingate,-780098.45527605,,0.00,,6.18775,141
2022,BK61,Crown Heights North,-928738.484183251,,0.00,,6.062,150
2022,BK63,Crown Heights South,-163720.881709088,,0.00,,6.561,98
2022,BK64,Prospect Heights,-47974.021349053,,0.00,,6.012,152
2022,BK68,Fort Greene,101820.716385217,,0.00,,6.48275,105
2022,BK69,Clinton Hill,-206596.668580914,,0.00,,6.07325,149
2022,BK72,Williamsburg,1550559.78339156,,0.00,,7.62325,25
2022,BK73,North Side-South Side,-502896.646821814,,0.00,,5.785,157
2022,BK75,Bedford,1231329.17837943,,0.00,,7.996,13
2022,BK76,Greenpoint,165436.339760939,,0.00,,6.18175,142
2022,BK77,Bushwick North,447788.11279023,,0.00,,7.38275,38
2022,BK78,Bushwick South,-1990815.05831657,,0.00,,5.70425,160
2022,BK79,Ocean Hill,-2689494.64165599,,0.00,,4.858,180
2022,BK81,Brownsville,-424810.550769591,,0.00,,7.6,26
2022,BK82,East New York,-2043901.74050393,,0.00,,5.7465,159
2022,BK83,Cypress Hills-City Line,-1180917.65309102,,0.00,,5.66775,164
2022,BK85,East New York (Pennsylvania Ave),-177662.290168144,,0.00,,7.3465,39
2022,BK88,Borough Park,1336099.81797921,,0.00,,7.63875,23
2022,BK90,East Williamsburg,455550.009056732,,0.00,,6.93875,59
2022,BK91,East Flatbush-Farragut,-787716.131927006,,0.00,,6.196,140
2022,BK93,Starrett City,84749.3696835111,,0.00,,6.9195,61
2022,BK95,Erasmus,-524331.897871029,,0.00,,6.1205,145
2022,BK96,Rugby-Remsen Village,-2061965.08535429,,0.00,,5.1685,177
2022,BK99,park-cemetery-etc-Brooklyn,-291623.33150432,,0.00,,,
2022,BX01,Claremont-Bathgate,-229308.235076482,,0.00,,7.473,32
2022,BX03,Eastchester-Edenwald-Baychester,-265882.653822833,,0.00,,6.71475,77
2022,BX05,Bedford Park-Fordham North,1655238.03792728,,0.00,,8.6935,1
2022,BX06,Belmont,-130393.247937149,,0.00,,7.0165,54
2022,BX07,Bronxdale,1212206.10097383,,0.00,,7.8635,15
2022,BX08,West Farms-Bronx River,1145474.43618893,,0.00,,7.7655,18
2022,BX09,Soundview-Castle Hill-Clason Point-Harding Park,1055949.00404383,,0.00,,7.99725,12
2022,BX10,Pelham Bay-Country Club-City Island,638103.626753764,,0.00,,6.67175,83
2022,BX13,Co-op City,697610.81923777,,0.00,,7.146,46
2022,BX14,East Concourse-Concourse Village,-385128.491932946,,0.00,,6.8895,62
2022,BX17,East Tremont,1243791.74657443,,0.00,,8.69,2
2022,BX22,North Riverdale-Fieldston-Riverdale,581081.095255975,,0.00,,6.61925,86
2022,BX26,Highbridge,483029.703389497,,0.00,,7.63825,24
2022,BX27,Hunts Point,-1173088.58805744,,0.00,,6.10225,148
2022,BX28,Van Cortlandt Village,1201659.70118336,,0.00,,8.07075,7
2022,BX29,Spuyten Duyvil-Kingsbridge,578414.606038428,,0.00,,6.64725,84
2022,BX30,Kingsbridge Heights,660199.228487912,,0.00,,7.54025,30
2022,BX31,Allerton-Pelham Gardens,277453.224373212,,0.00,,6.88275,64
2022,BX33,Longwood,-1045830.35331095,,0.00,,6.35875,121
2022,BX34,Melrose South-Mott Haven North,-2226978.13047249,,0.00,,5.635,167
2022,BX35,Morrisania-Melrose,-2671635.0543957,,0.00,,5.122,178
2022,BX36,University Heights-Morris Heights,1647142.40960557,,0.00,,8.661,3
2022,BX37,Van Nest-Morris Park-Westchester Square,26385.9515674692,,0.00,,6.796,69
2022,BX39,Mott Haven-Port Morris,-506118.835486427,,0.00,,7.068,49
2022,BX40,Fordham South,1052945.98659553,,0.00,,8.05925,8
2022,BX41,Mount Hope,827701.564164053,,0.00,,7.74675,20
2022,BX43,Norwood,384367.72857821,,0.00,,7.437,35
2022,BX44,Williamsbridge-Olinville,-1193195.32462944,,0.00,,6.4445,111
2022,BX46,Parkchester,562789.731210735,,0.00,,7.132,47
2022,BX49,Pelham Parkway,413533.282912547,,0.00,,6.9955,56
2022,BX52,Schuylerville-Throgs Neck-Edgewater Park,1030098.67519794,,0.00,,7.25975,41
2022,BX55,Soundview-Bruckner,1169204.54295063,,0.00,,8.19175,6
2022,BX59,Westchester-Unionport,118182.103329727,,0.00,,7.0235,53
2022,BX62,Woodlawn-Wakefield,-1198587.49575814,,0.00,,5.64,165
2022,BX63,West Concourse,116113.895863443,,0.00,,6.9985,55
2022,BX75,Crotona Park East,-49151.6185716083,,0.00,,7.04025,51
2022,BX98,Rikers Island,0,,0.00,,,
2022,BX99,park-cemetery-etc-Bronx,-478144.502322591,,0.00,,,
2022,MN01,Marble Hill-Inwood,507466.741115245,,0.00,,7.309,40
2022,MN03,Central Harlem North-Polo Grounds,1089090.38048577,,0.00,,8.05375,9
2022,MN04,Hamilton Heights,671914.138927497,,0.00,,7.2395,43
2022,MN06,Manhattanville,412448.18769039,,0.00,,6.74525,72
2022,MN09,Morningside Heights,53308.8239658992,,0.00,,6.45575,110
2022,MN11,Central Harlem South,-276850.814422064,,0.00,,6.33975,125
2022,MN12,Upper West Side,1120706.06809286,,0.00,,7.22525,44
2022,MN13,Hudson Yards-Chelsea-Flat Iron-Union Square,-330459.267225563,,0.00,,5.87175,156
2022,MN14,Lincoln Square,994858.267343575,,0.00,,6.797,68
2022,MN15,Clinton,803639.725773481,,0.00,,6.69275,81
2022,MN17,Midtown-Midtown South,-580330.596458341,,0.00,,5.515,170
2022,MN19,Turtle Bay-East Midtown,681398.411327696,,0.00,,6.523,101
2022,MN20,Murray Hill-Kips Bay,444437.582433903,,0.00,,6.313,129
2022,MN21,Gramercy,344112.656006435,,0.00,,6.26575,133
2022,MN22,East Village,603556.505380604,,0.00,,6.5755,95
2022,MN23,West Village,447942.332523759,,0.00,,6.326,128
2022,MN24,SoHo-TriBeCa-Civic Center-Little Italy,531614.948537112,,0.00,,6.376,119
2022,MN25,Battery Park City-Lower Manhattan,259228.007273611,,0.00,,6.145,144
2022,MN27,Chinatown,1013485.8354984,,0.00,,7.462,33
2022,MN28,Lower East Side,1172850.70366688,,0.00,,7.6955,21
2022,MN31,Lenox Hill-Roosevelt Island,462855.929061598,,0.00,,6.472,108
2022,MN32,Yorkville,887031.428262576,,0.00,,6.793,70
2022,MN33,East Harlem South,1321687.56169761,,0.00,,8.03675,11
2022,MN34,East Harlem North,645055.069465691,,0.00,,7.594,27
2022,MN35,Washington Heights North,478226.512397832,,0.00,,7.40425,36
2022,MN36,Washington Heights South,679630.519218464,,0.00,,7.747,19
2022,MN40,Upper East Side-Carnegie Hill,445831.706832146,,0.00,,6.417,115
2022,MN50,Stuyvesant Town-Cooper Village,-213391.964001695,,0.00,,5.767,158
2022,MN99,park-cemetery-etc-Manhattan,-298260.234003348,,0.00,,,
2022,QN01,South Jamaica,-3113372.52472361,,0.00,,4.95925,179
2022,QN02,Springfield Gardens North,-1415240.21434623,,0.00,,5.45725,173
2022,QN03,Springfield Gardens South-Brookville,-461563.493001896,,0.00,,6.271,132
2022,QN05,Rosedale,124278.380252643,,0.00,,6.488,104
2022,QN06,Jamaica Estates-Holliswood,222896.48091228,,0.00,,6.60175,88
2022,QN07,Hollis,-838776.203301132,,0.00,,6.1205,145
2022,QN08,St. Albans,-3189956.15291018,,0.00,,4.32125,184
2022,QN10,Breezy Point-Belle Harbor-Rockaway Park-Broad Channel,651143.692461665,,0.00,,6.986,57
2022,QN12,Hammels-Arverne-Edgemere,990797.007053637,,0.00,,7.674,22
2022,QN15,Far Rockaway-Bayswater,5183.24092695978,,0.00,,6.94825,58
2022,QN17,Forest Hills,-52721.8050735206,,0.00,,6.2475,135
2022,QN18,Rego Park,62147.1893146202,,0.00,,6.2255,136
2022,QN19,Glendale,184177.434115377,,0.00,,6.411,116
2022,QN20,Ridgewood,-249106.433251107,,0.00,,6.37675,118
2022,QN21,Middle Village,31378.6394560062,,0.00,,6.34025,124
2022,QN22,Flushing,-7441650.69841794,,0.00,,1.57075,188
2022,QN23,College Point,235604.173980924,,0.00,,6.52875,100
2022,QN25,Corona,1262966.71965218,,0.00,,8.04525,10
2022,QN26,North Corona,117637.51194642,,0.00,,7.25375,42
2022,QN27,East Elmhurst,-524758.942516348,,0.00,,6.426,114
2022,QN28,Jackson Heights,1388161.97596081,,0.00,,8.558,4
2022,QN29,Elmhurst,1204897.38769961,,0.00,,7.941,14
2022,QN30,Maspeth,584903.140946587,,0.00,,6.72075,76
2022,QN31,Hunters Point-Sunnyside-West Maspeth,-2063220.16359255,,0.00,,4.74475,182
2022,QN33,Cambria Heights,-1069357.14002873,,0.00,,5.63575,166
2022,QN34,Queens Village,-2164231.37669463,,0.00,,5.385,176
2022,QN35,Briarwood-Jamaica Hills,-329161.294559037,,0.00,,6.57875,93
2022,QN37,Kew Gardens Hills,-914621.21137103,,0.00,,5.63375,168
2022,QN38,Pomonok-Flushing Heights-Hillcrest,156642.324494385,,0.00,,6.8835,63
2022,QN41,Fresh Meadows-Utopia,478296,,0.00,,6.782,71
2022,QN42,Oakland Gardens,519887.931354899,,0.00,,6.60175,88
2022,QN43,Bellerose,331280.698980118,,0.00,,6.4985,103
2022,QN44,Glen Oaks-Floral Park-New Hyde Park,416648.772880504,,0.00,,6.58075,92
2022,QN45,Douglas Manor-Douglaston-Little Neck,257040.866989531,,0.00,,6.38475,117
2022,QN46,Bayside-Bayside Hills,730462.532572621,,0.00,,6.83825,67
2022,QN47,Ft. Totten-Bay Terrace-Clearview,393222.524042016,,0.00,,6.44425,112
2022,QN48,Auburndale,388655.08,,0.00,,6.5755,94
2022,QN49,Whitestone,544194.56,,0.00,,6.67475,82
2022,QN50,Elmhurst-Maspeth,322459.430523087,,0.00,,6.50375,102
2022,QN51,Murray Hill,-3105687.07074551,,0.00,,4.06375,185
2022,QN52,East Flushing,-1942028.99362477,,0.00,,4.82575,181
2022,QN53,Woodhaven,-703426.832530693,,0.00,,6.375,120
2022,QN54,Richmond Hill,-4762053.19539485,,0.00,,3.35525,186
2022,QN55,South Ozone Park,485856.791435838,,0.00,,7.542,29
2022,QN56,Ozone Park,268629.024946744,,0.00,,6.733,73
2022,QN57,Lindenwood-Howard Beach,562637.091128336,,0.00,,6.8415,66
2022,QN60,Kew Gardens,-575125.354647464,,0.00,,5.95175,153
2022,QN61,Jamaica,-2137358.02969702,,0.00,,5.4915,171
2022,QN62,Queensboro Hill,241188.404180193,,0.00,,6.59825,91
2022,QN63,Woodside,789088.394880441,,0.00,,7.0255,52
2022,QN66,Laurelton,-1032200.40891113,,0.00,,5.6235,169
2022,QN68,Queensbridge-Ravenswood-Long Island City,-2135469.15948454,,0.00,,5.4495,174
2022,QN70,Astoria,1406528.45608302,,0.00,,7.50025,31
2022,QN71,Old Astoria,493941.776190689,,0.00,,6.72425,75
2022,QN72,Steinway,922308.631070327,,0.00,,6.9295,60
2022,QN76,Baisley Park,-1377497.33009831,,0.00,,5.7025,161
2022,QN98,Airport,-313390.876808584,,0.00,,,
2022,QN99,park-cemetery-etc-Queens,-245601.524145639,,0.00,,,
2022,SI01,Annadale-Huguenot-Prince's Bay-Eltingville,211492.952114573,,0.00,,6.278,131
2022,SI05,New Springville-Bloomfield-Travis,650673.21695964,,0.00,,6.72775,74
2022,SI07,Westerleigh,243872.552840804,,0.00,,6.42675,113
2022,SI08,Grymes Hill-Clifton-Fox Hills,-626960.342310539,,0.00,,5.9105,154
2022,SI11,Charleston-Richmond Valley-Tottenville,267789.940656909,,0.00,,6.341,123
2022,SI12,Mariner's Harbor-Arlington-Port Ivory-Graniteville,32144.6907310678,,0.00,,6.32875,127
2022,SI14,Grasmere-Arrochar-Ft. Wadsworth,156799.028462075,,0.00,,6.46525,109
2022,SI22,West New Brighton-New Brighton-St. George,-40205.3158188036,,0.00,,6.601,90
2022,SI24,Todt Hill-Emerson Hill-Heartland Village-Lighthouse Hill,-37121.2010832104,,0.00,,6.16775,143
2022,SI25,Oakwood-Oakwood Beach,381944.515000313,,0.00,,6.57375,96
2022,SI28,Port Richmond,-837238.001777122,,0.00,,5.6865,162
2022,SI32,Rossville-Woodrow,234587.17052078,,0.00,,6.25875,134
2022,SI35,New Brighton-Silver Lake,219884.067807149,,0.00,,6.33575,126
2022,SI36,Old Town-Dongan Hills-South Beach,374571.048863721,,0.00,,6.5685,97
2022,SI37,Stapleton-Rosebank,-1157937.71037517,,0.00,,5.68225,163
2022,SI45,New Dorp-Midland Beach,425146.864108751,,0.00,,6.53875,99
2022,SI48,Arden Heights,376259.52,,0.00,,6.481,106
2022,SI54,Great Kills,489628.074508404,,0.00,,6.62625,85
2022,SI99,park-cemetery-etc-Staten Island,0,,0.00,,,
