ein,name,type,agency_code,checkbook_vendor_code,crosswalk_method,why_chosen,site_id,site_name,location_source
13-3179546,Food Bank For New York City,food_pantry,HRA,0000822784,"exact legal-name match (Comptroller appendix vendor = IRS/ProPublica name) + city-side corroboration: NYC Open Data x882-mwt5 provider_ein 13-3179546; reviewed for the golden site","GOLDEN. Real HRA/DSS emergency-food contracts; 19 real FY2026 Checkbook checks ($1.75M); FY2025 IRS 990 XML gives real cash on hand (0.35 months)",site_fbnyc,Food Bank For New York City (Hunts Point warehouse),irs_address
13-3170676,City Harvest Inc,grocery_giveaway,DYCD,0000822619,"legal-name match (Comptroller appendix vendor = IRS/ProPublica name after normalizing case, punctuation and Inc), pending human review","Largest NYC food-rescue org (free produce Mobile Markets); its city food contracts are at DYCD and were registered 447-959 days late",site_city_harvest,City Harvest,y9si:1696
20-0934854,The Campaign Against Hunger Inc,food_pantry,HRA,0003076878,"legal-name match (Comptroller appendix vendor = IRS/ProPublica name after normalizing case, punctuation and Inc), pending human review","Brooklyn food pantry with HRA SNAP/emergency-food and food-pantry contracts",site_campaign_against_hunger,The Campaign Against Hunger (Bed-Stuy pantry),y9si:1348
13-3127972,New York Common Pantry,food_pantry,HRA,0000818409,"legal-name match (Comptroller appendix vendor = IRS/ProPublica name after normalizing case, punctuation and Inc), pending human review","East Harlem food pantry with HRA SNAP and emergency food assistance contracts",site_ny_common_pantry,New York Common Pantry (East Harlem),y9si:2990
13-3234441,Project Hospitality Inc,food_pantry,HRA,0000828932,"legal-name match (Comptroller appendix vendor = IRS/ProPublica name after normalizing case, punctuation and Inc), pending human review","Staten Island food pantry / soup kitchen with HRA SNAP and emergency food assistance contracts (borough coverage)",site_project_hospitality,Project Hospitality (Staten Island),irs_address
13-3072967,Coalition For The Homeless Inc,shelter,DHS,0000813333,"legal-name match (Comptroller appendix vendor = IRS/ProPublica name after normalizing case, punctuation and Inc), pending human review","DHS contracts incl. the Grand Central Food Program (mobile soup kitchen), registered 242 days late",site_coalition_homeless,Coalition for the Homeless,irs_address
26-0076866,Acacia Network Housing Inc,shelter,DHS,0002375758,"legal-name match (Comptroller appendix vendor = IRS/ProPublica name after normalizing case, punctuation and Inc), pending human review","One of the largest DHS shelter vendors (19 FY22-24 contracts, about $1.0B)",site_acacia,Acacia Network Housing (HQ),irs_address
11-2635374,Samaritan Daytop Village Inc,shelter,DHS,0000519042,"legal-name match (Comptroller appendix vendor = IRS/ProPublica name after normalizing case, punctuation and Inc), pending human review","Large DHS single-adult shelter vendor (15 FY22-24 contracts, about $934M)",site_samaritan_daytop,Samaritan Daytop Village (HQ),irs_address
13-2602882,Project Renewal Inc,shelter,DHS,0000779131,"legal-name match (Comptroller appendix vendor = IRS/ProPublica name after normalizing case, punctuation and Inc), pending human review","Large DHS single-adult shelter vendor (11 FY22-24 contracts, about $1.5B)",site_project_renewal,Project Renewal (HQ),irs_address
13-3164477,Women In Need Inc,shelter,DHS,0000822310,"legal-name match (Comptroller appendix vendor = IRS/ProPublica name after normalizing case, punctuation and Inc), pending human review","Largest family-shelter provider (Win): 19 DHS FY22-24 contracts, about $684M",site_win,Women In Need (Win) (HQ),irs_address
11-3112635,New York Edge Inc,youth_program,DYCD,0001539280,"legal-name match (Comptroller appendix vendor = IRS/ProPublica name after normalizing case, punctuation and Inc), pending human review","Largest DYCD vendor by FY22-24 contract value (73 COMPASS after-school contracts)",site_ny_edge,New York Edge (HQ),irs_address
13-1624228,Young Mens Christian Association Of Greater New York,youth_program,DYCD,0000758190,"legal-name match (appendix YMCA OF GREATER NEW YORK = IRS name Young Mens Christian Association Of Greater New York), pending human review","Large DYCD COMPASS/youth vendor (42 FY22-24 contracts); public branch site",site_ymca_bedstuy,YMCA Bedford-Stuyvesant,y9si:1358
11-2453853,Riseboro Community Partnership Inc,youth_program,DYCD,0000498210,"exact legal-name match (Comptroller appendix vendor = IRS/ProPublica name) + city-side corroboration: x882-mwt5 provider_ein 112453853, pending human review","Bushwick multi-service org with 20 DYCD FY22-24 contracts (plus HRA and DFTA)",site_riseboro,RiseBoro Community Partnership (Bushwick),irs_address
13-5596811,Police Athletic League Inc,youth_program,DYCD,0000940999,"legal-name match (Comptroller appendix vendor = IRS/ProPublica name after normalizing case, punctuation and Inc), pending human review","Citywide youth centers; 27 DYCD FY22-24 contracts",site_pal,Police Athletic League (HQ),irs_address
13-5598710,Good Shepherd Services,youth_program,DYCD,0000940847,"exact legal-name match (Comptroller appendix vendor = IRS/ProPublica name) + city-side corroboration: x882-mwt5 provider_ein 135598710, pending human review","Youth and family services; 22 DYCD FY22-24 contracts",site_good_shepherd,Good Shepherd Services (HQ),irs_address
