Vend Cust CD,Vendor Legal Name,checkbook_contract_id,DEPT NAME,Contract Purpose,Contract Registered Amount,Contract Start Date,Contract End Date,Original Registration Date,Registration FY,Registration Delta,Retroactivity Category,Industry,1099 Classification
0000822619,CITY HARVEST INC,CT185020228802574,DDC,"HRDNCITYH, REIMBURSEMENT OF FOOD TRANSPORT VEHICLES",76208,2021-08-06,2026-08-04,2021-10-22,2022,77,Later - Between 31-180 Days,GOODS,Other Non-Profit Org
0000822619,CITY HARVEST INC,RCT184120248201231,DOT,CONSTRUCT MAINTAIN & USE ACCESSIBLE RAMP & STAIRS,35400.959999999999,2024-01-04,2034-06-30,2024-01-24,2024,20,Late - Within 30 Days,UNCLASSIFIED CONTRACT,Other Non-Profit Org
0000822619,CITY HARVEST INC,CT126020228802096,DYCD,Funds for food pantries and soup kitchens.,1000000,2020-07-01,2021-06-30,2022-07-27,2023,756,Latest - More than 1-Year,HUMAN SERVICES,Other Non-Profit Org
0000822619,CITY HARVEST INC,CT126020238802251,DYCD,Funding will support emergency food rescue.,54301,2020-07-01,2021-06-30,2022-08-12,2023,772,Latest - More than 1-Year,HUMAN SERVICES,Other Non-Profit Org
0000822619,CITY HARVEST INC,CT126020238801225,DYCD,Funds to support the emergency food programs.,34500,2021-07-01,2022-06-30,2023-07-31,2024,760,Latest - More than 1-Year,HUMAN SERVICES,Other Non-Profit Org
0000822619,CITY HARVEST INC,CT126020248803820,DYCD,Support the food pantry.,259801,2021-07-01,2022-06-30,2024-02-15,2024,959,Latest - More than 1-Year,HUMAN SERVICES,Other Non-Profit Org
0000822619,CITY HARVEST INC,CT126020248802677,DYCD,Support food security through community-based programming,78000,2022-07-01,2023-06-30,2023-09-21,2024,447,Latest - More than 1-Year,HUMAN SERVICES,Other Non-Profit Org
0000813333,COALITION FOR THE HOMELESS INC,CT107120228807557,DHS,Prov. of  social svcs to homeless and  low-income women.,177000,2021-07-01,2022-06-30,2022-06-03,2022,337,Very Late - Between 181-365 Days,HUMAN SERVICES,Other Non-Profit Org
0000813333,COALITION FOR THE HOMELESS INC,CT107120238803136,DHS,Prov. of training workshops & job-placement assistance.,50000,2021-07-01,2022-06-30,2022-09-14,2023,440,Latest - More than 1-Year,HUMAN SERVICES,Other Non-Profit Org
0000813333,COALITION FOR THE HOMELESS INC,CT107120238805505,DHS,Prov of funding for Grand Central Food Pgm. /job training/SS,227000,2022-07-01,2023-06-30,2023-02-28,2023,242,Very Late - Between 181-365 Days,HUMAN SERVICES,Other Non-Profit Org
0000813333,COALITION FOR THE HOMELESS INC,CT109620211425156,DSS/HRA,Provision of Non-Emergency Scatter Site Housing and Supporti,491046,2021-04-01,2021-06-30,2021-07-08,2022,98,Later - Between 31-180 Days,HUMAN SERVICES,Other Non-Profit Org
0000813333,COALITION FOR THE HOMELESS INC,CT109620228802532,DSS/HRA,Non-Emergency Scatter Site Housing & Support Svcs for PLWA,1990587,2021-07-01,2022-06-30,2021-10-05,2022,96,Later - Between 31-180 Days,HUMAN SERVICES,Other Non-Profit Org
0000813333,COALITION FOR THE HOMELESS INC,CT109620228805799,DSS/HRA,Provision of emergency grants to fam. at risk of eviction,492000,2021-07-01,2022-06-30,2022-04-21,2022,294,Very Late - Between 181-365 Days,HUMAN SERVICES,Other Non-Profit Org
0000813333,COALITION FOR THE HOMELESS INC,CT109620238801749,DSS/HRA,Prov of operating expenses related to COVID.,5494,2021-07-01,2022-06-30,2022-08-08,2023,403,Latest - More than 1-Year,HUMAN SERVICES,Other Non-Profit Org
0000813333,COALITION FOR THE HOMELESS INC,CT109620238800520,DSS/HRA,Non-Emergency Scatter Site Housing & Supportive Services,2194509,2022-07-01,2023-06-30,2022-06-17,2022,-14,On Time or Early,HUMAN SERVICES,Other Non-Profit Org
0000813333,COALITION FOR THE HOMELESS INC,CT109620238805103,DSS/HRA,Prov. of homelessness prevention programs,492000,2022-07-01,2023-06-30,2023-03-28,2023,270,Very Late - Between 181-365 Days,HUMAN SERVICES,Other Non-Profit Org
0000813333,COALITION FOR THE HOMELESS INC,CT109620248801250,DSS/HRA,Scatter-Site Supportive Housing for HASA Clients & their fam,15713098,2023-07-01,2028-06-30,2023-07-24,2024,23,Late - Within 30 Days,HUMAN SERVICES,Other Non-Profit Org
0000813333,COALITION FOR THE HOMELESS INC,CT109620248800188,DSS/HRA,"SRO Services at 166-170 West 77th Street, NY, NY 10024",713906.58,2023-07-01,2029-06-30,2023-06-21,2023,-10,On Time or Early,HUMAN SERVICES,Other Non-Profit Org
0000813333,COALITION FOR THE HOMELESS INC,CT109620248806275,DSS/HRA,Homelessness Prevention pgms to families at risk of eviction,1845000,2023-07-01,2026-06-30,2024-03-20,2024,263,Very Late - Between 181-365 Days,HUMAN SERVICES,Other Non-Profit Org
0000813333,COALITION FOR THE HOMELESS INC,CT126020228806019,DYCD,To support the provision of home-delivered meals,8000,2021-07-01,2022-06-30,2022-03-08,2022,250,Very Late - Between 181-365 Days,HUMAN SERVICES,Other Non-Profit Org
0000813333,COALITION FOR THE HOMELESS INC,CT126020228808243,DYCD,To support food/hygiene products and operational expenses.,167000,2021-07-01,2022-06-30,2022-06-10,2022,344,Very Late - Between 181-365 Days,HUMAN SERVICES,Other Non-Profit Org
0000813333,COALITION FOR THE HOMELESS INC,CT126020238805460,DYCD,To support the Bound for Success enrichment afterschool.,215000,2022-07-01,2023-06-30,2023-01-27,2023,210,Very Late - Between 181-365 Days,HUMAN SERVICES,Other Non-Profit Org
0000813333,COALITION FOR THE HOMELESS INC,CT126020248806219,DYCD,To support food/hygiene products and operational cost.,806250,2023-07-01,2026-06-30,2024-04-02,2024,276,Very Late - Between 181-365 Days,HUMAN SERVICES,Other Non-Profit Org
0000822784,FOOD BANK FOR NEW YORK CITY,CT106820231409309,ACS,FOOD PANTRY DISTRIBUTION SERVICES,20000,2022-08-01,2023-01-31,2022-11-23,2023,114,Later - Between 31-180 Days,HUMAN SERVICES,Other Non-Profit Org
0000822784,FOOD BANK FOR NEW YORK CITY,CT106820231413307,ACS,FOOD PANTRY SERVICES,80000,2023-04-01,2025-03-31,2023-03-13,2023,-19,On Time or Early,HUMAN SERVICES,Other Non-Profit Org
0000822784,FOOD BANK FOR NEW YORK CITY,CT106820241401173,ACS,FOOD PANTRY SERVICES FOR THE BROOKLYN WEST,20000,2023-07-01,2024-06-30,2023-09-20,2024,81,Later - Between 31-180 Days,HUMAN SERVICES,Other Non-Profit Org
0000822784,FOOD BANK FOR NEW YORK CITY,CT106820241416336,ACS,FOOD PANTRY SVCS FOR MANHATTAN,20000,2024-03-15,2024-12-30,2024-06-04,2024,81,Later - Between 31-180 Days,HUMAN SERVICES,Other Non-Profit Org
0000822784,FOOD BANK FOR NEW YORK CITY,CT112520238802006,DFTA,1YV - expenses related to COVID-19 and returning to work,2283,2021-07-01,2022-06-30,2022-07-19,2023,383,Latest - More than 1-Year,HUMAN SERVICES,Other Non-Profit Org
0000822784,FOOD BANK FOR NEW YORK CITY,CT112520228804655,DFTA,PROVIDE OLDER ADULT CENTER SERVICES,1763034,2021-12-16,2024-12-15,2022-01-14,2022,29,Late - Within 30 Days,HUMAN SERVICES,Other Non-Profit Org
0000822784,FOOD BANK FOR NEW YORK CITY,CT109620228801175,DSS/HRA,To support nutrition and health education programming.,627000,2020-07-01,2021-06-30,2021-09-01,2022,427,Latest - More than 1-Year,HUMAN SERVICES,Other Non-Profit Org
0000822784,FOOD BANK FOR NEW YORK CITY,CT109620228800360,DSS/HRA,Prov. of warehouse and delivery of non-perishable food,4393582,2021-07-01,2022-06-30,2021-08-12,2022,42,Later - Between 31-180 Days,HUMAN SERVICES,Other Non-Profit Org
0000822784,FOOD BANK FOR NEW YORK CITY,CT109620228807233,DSS/HRA,Prov. of health edu. programming and related services,784000,2021-07-01,2022-06-30,2022-05-20,2022,323,Very Late - Between 181-365 Days,HUMAN SERVICES,Other Non-Profit Org
0000822784,FOOD BANK FOR NEW YORK CITY,CT109620238803786,DSS/HRA,NAE(3 Months)-Warehouse & Delivery of non-perishable food,448103,2022-07-01,2022-09-30,2022-11-16,2023,138,Later - Between 31-180 Days,HUMAN SERVICES,Other Non-Profit Org
0000822784,FOOD BANK FOR NEW YORK CITY,CT109620238804915,DSS/HRA,Prov of SNAP and emergency food assistance benefits,782000,2022-07-01,2023-06-30,2023-05-12,2023,315,Very Late - Between 181-365 Days,HUMAN SERVICES,Other Non-Profit Org
0000822784,FOOD BANK FOR NEW YORK CITY,CT126020228800456,DYCD,This funding supports food and hygiene product purchases and,185792,2020-07-01,2021-06-30,2022-01-21,2022,569,Latest - More than 1-Year,HUMAN SERVICES,Other Non-Profit Org
0000822784,FOOD BANK FOR NEW YORK CITY,CT126020228802132,DYCD,To support Food Bank For New York City Food Pantry programs.,1000000,2020-07-01,2021-06-30,2022-01-21,2022,569,Latest - More than 1-Year,HUMAN SERVICES,Other Non-Profit Org
0000822784,FOOD BANK FOR NEW YORK CITY,CT126020228803183,DYCD,Funding will support food pantries and food banks.,2864642,2020-07-01,2021-06-30,2022-02-01,2022,580,Latest - More than 1-Year,HUMAN SERVICES,Other Non-Profit Org
0000822784,FOOD BANK FOR NEW YORK CITY,CT126020238801087,DYCD,FY22 Disc funding to support Food Bank For NYC Food Pantry.,1187695,2021-07-01,2022-06-30,2022-10-17,2023,473,Latest - More than 1-Year,HUMAN SERVICES,Other Non-Profit Org
0000822784,FOOD BANK FOR NEW YORK CITY,CT126020238801553,DYCD,FY22 Disc funding to support Food Bank For NYC Food Pantry.,2426823,2021-07-01,2022-06-30,2022-10-17,2023,473,Latest - More than 1-Year,HUMAN SERVICES,Other Non-Profit Org
0000822784,FOOD BANK FOR NEW YORK CITY,CT126020238807486,DYCD,Funding for food pantries and soup kitchens.,210678,2021-07-01,2022-06-30,2023-06-07,2023,706,Latest - More than 1-Year,HUMAN SERVICES,Other Non-Profit Org
0000822784,FOOD BANK FOR NEW YORK CITY,CT126020238807731,DYCD,Funding to support the purchase and dist. of food products.,3026863,2022-07-01,2023-06-30,2023-05-24,2023,327,Very Late - Between 181-365 Days,HUMAN SERVICES,Other Non-Profit Org
0000822784,FOOD BANK FOR NEW YORK CITY,CT126020248802700,DYCD,Funding for food pantries and soup kitchens.,21263,2022-07-01,2023-06-30,2024-03-12,2024,620,Latest - More than 1-Year,HUMAN SERVICES,Other Non-Profit Org
0000822784,FOOD BANK FOR NEW YORK CITY,CT126020248806283,DYCD,FY24-26 Discretionary Award Multiyear Contract,11369486.25,2023-07-01,2026-06-30,2024-06-20,2024,355,Very Late - Between 181-365 Days,HUMAN SERVICES,Other Non-Profit Org
